cod_prod,data_inicio,data_fim,custo
603078352615,2007-08-02,2011-08-13,26.25
603078352615,2011-08-14,2015-08-25,27.14
603078352615,2015-08-26,2019-09-06,27.54
603078352615,2019-09-07,2023-09-16,27.62
131384024501,2006-08-22,2009-05-20,70.8
131384024501,2009-05-21,2012-02-17,71.63
131384024501,2012-02-18,2014-11-16,71.84
131384024501,2014-11-17,2017-08-15,74.14
131384024501,2017-08-16,2020-05-12,75.6
85873708529,2000-03-05,2005-01-11,26.25
85873708529,2005-01-12,2009-11-20,27.05
85873708529,2009-11-21,2014-09-29,27.37
85873708529,2014-09-30,2019-08-08,27.38
85873708529,2019-08-09,2024-06-13,27.89
579926605113,2011-05-05,2012-10-07,22.21
579926605113,2012-10-08,2014-03-13,22.35
579926605113,2014-03-14,2015-08-17,22.88
579926605113,2015-08-18,2017-01-20,23.66
579926605113,2017-01-21,2018-06-23,24.37
397769055946,2006-07-15,2011-01-05,65.69
397769055946,2011-01-06,2015-06-29,66.73
397769055946,2015-06-30,2019-12-21,67.8
397769055946,2019-12-22,2024-06-13,68.57
981647487600,2021-04-02,2022-04-26,24.23
981647487600,2022-04-27,2023-05-21,24.25
981647487600,2023-05-22,2024-06-13,24.77
961991632239,2000-03-05,2006-03-30,18.17
961991632239,2006-03-31,2012-04-24,18.53
961991632239,2012-04-25,2018-05-20,18.95
961991632239,2018-05-21,2024-06-13,19.5
944594347397,2006-04-06,2009-09-12,13.12
944594347397,2009-09-13,2013-02-19,13.14
944594347397,2013-02-20,2016-07-29,13.15
944594347397,2016-07-30,2020-01-06,13.61
944594347397,2020-01-07,2023-06-14,13.76
361703171610,2014-08-19,2017-01-31,13.12
361703171610,2017-02-01,2019-07-17,13.56
361703171610,2019-07-18,2021-12-30,13.95
361703171610,2021-12-31,2024-06-13,14.18
185689609888,2000-03-05,2008-04-07,20.19
185689609888,2008-04-08,2016-05-11,20.27
185689609888,2016-05-12,2024-06-13,20.54
165912155337,2000-03-05,2005-01-11,17.16
165912155337,2005-01-12,2009-11-20,17.26
165912155337,2009-11-21,2014-09-29,17.6
165912155337,2014-09-30,2019-08-08,18.12
165912155337,2019-08-09,2024-06-13,18.59
363713572708,2016-07-11,2018-03-28,20.19
363713572708,2018-03-29,2019-12-14,20.41
363713572708,2019-12-15,2021-08-31,20.61
363713572708,2021-09-01,2023-05-16,21.06
22731879588,2008-11-02,2010-08-06,14.13
22731879588,2010-08-07,2012-05-10,14.38
22731879588,2012-05-11,2014-02-11,14.71
427429636571,2000-05-16,2001-10-29,25.24
427429636571,2001-10-30,2003-04-14,25.58
427429636571,2003-04-15,2004-09-25,25.62
75422497660,2009-12-13,2012-07-09,14.13
75422497660,2012-07-10,2015-02-04,14.15
75422497660,2015-02-05,2017-09-01,14.34
75422497660,2017-09-02,2020-03-26,14.36
429983509254,2023-03-07,2023-08-08,15.14
429983509254,2023-08-09,2024-01-10,15.45
429983509254,2024-01-11,2024-06-13,15.83
167150472191,2009-07-26,2012-07-17,17.16
167150472191,2012-07-18,2015-07-10,17.43
167150472191,2015-07-11,2018-07-02,17.49
167150472191,2018-07-03,2021-06-24,17.89
167150472191,2021-06-25,2024-06-13,18.23
842144095180,2017-01-10,2018-11-18,16.15
842144095180,2018-11-19,2020-09-26,16.57
842144095180,2020-09-27,2022-08-05,16.61
842144095180,2022-08-06,2024-06-13,17.09
549679657714,2019-05-11,2021-01-20,14.13
549679657714,2021-01-21,2022-10-03,14.6
549679657714,2022-10-04,2024-06-13,14.71
811355808438,2020-03-21,2021-04-11,41.79
811355808438,2021-04-12,2022-05-03,43.08
811355808438,2022-05-04,2023-05-25,44.48
811355808438,2023-05-26,2024-06-13,44.6
736189471231,2003-10-04,2006-05-21,87.39
736189471231,2006-05-22,2009-01-06,89.99
736189471231,2009-01-07,2011-08-23,90.43
185584251496,2021-04-13,2022-01-27,293.35
185584251496,2022-01-28,2022-11-13,300.78
185584251496,2022-11-14,2023-08-30,301.51
185584251496,2023-08-31,2024-06-13,306.0
625995175054,2010-03-06,2013-09-29,119.31
625995175054,2013-09-30,2017-04-25,119.67
625995175054,2017-04-26,2020-11-19,120.56
625995175054,2020-11-20,2024-06-13,123.04
248775328015,2005-12-10,2012-02-10,298.67
248775328015,2012-02-11,2018-04-13,305.9
248775328015,2018-04-14,2024-06-13,312.4
347140448058,2003-12-14,2008-02-03,198.35
347140448058,2008-02-04,2012-03-26,200.86
347140448058,2012-03-27,2016-05-17,203.34
765046533577,2004-08-02,2006-02-11,373.91
765046533577,2006-02-12,2007-08-24,384.19
765046533577,2007-08-25,2009-03-05,385.45
765046533577,2009-03-06,2010-09-15,385.82
649768710242,2008-10-08,2012-09-08,212.03
649768710242,2012-09-09,2016-08-10,216.73
649768710242,2016-08-11,2020-07-12,219.39
649768710242,2020-07-13,2024-06-13,226.96
438156790351,2021-02-19,2021-06-07,285.75
438156790351,2021-06-08,2021-09-24,294.76
438156790351,2021-09-25,2022-01-11,303.87
438156790351,2022-01-12,2022-04-28,305.12
19174715962,2020-05-16,2021-03-09,279.67
19174715962,2021-03-10,2022-01-01,281.35
19174715962,2022-01-02,2022-10-26,287.2
19174715962,2022-10-27,2023-08-20,290.92
19174715962,2023-08-21,2024-06-13,298.79
808856535109,2016-06-04,2018-06-06,175.55
808856535109,2018-06-07,2020-06-08,178.83
808856535109,2020-06-09,2022-06-11,184.9
808856535109,2022-06-12,2024-06-13,186.55
384072158587,2000-03-05,2004-09-09,112.47
384072158587,2004-09-10,2009-03-17,115.08
384072158587,2009-03-18,2013-09-22,117.36
384072158587,2013-09-23,2018-03-30,119.26
384072158587,2018-03-31,2022-10-02,122.06
30179342434,2011-09-19,2014-10-21,126.91
30179342434,2014-10-22,2017-11-23,128.12
30179342434,2017-11-24,2020-12-26,132.06
30179342434,2020-12-27,2024-01-29,135.72
66396206730,2010-06-08,2013-05-23,87.39
66396206730,2013-05-24,2016-05-08,90.35
66396206730,2016-05-09,2019-04-24,93.4
66396206730,2019-04-25,2022-04-09,95.18
33376613543,2011-02-23,2015-06-01,168.71
33376613543,2015-06-02,2019-09-08,170.71
33376613543,2019-09-09,2023-12-14,175.54
114048868505,2008-05-18,2011-10-27,107.15
114048868505,2011-10-28,2015-04-07,107.48
114048868505,2015-04-08,2018-09-16,107.65
114048868505,2018-09-17,2022-02-23,108.9
67090255895,2007-01-22,2009-02-16,275.87
67090255895,2009-02-17,2011-03-15,280.04
67090255895,2011-03-16,2013-04-10,284.53
67090255895,2013-04-11,2015-05-07,289.9
67090255895,2015-05-08,2017-05-29,292.7
248880943905,2012-01-06,2015-02-14,45.59
248880943905,2015-02-15,2018-03-26,46.58
248880943905,2018-03-27,2021-05-05,46.78
248880943905,2021-05-06,2024-06-13,48.21
862101588593,2010-08-03,2015-02-16,101.07
862101588593,2015-02-17,2019-09-02,103.6
862101588593,2019-09-03,2024-03-17,104.83
145844671488,2002-02-07,2004-09-15,327.55
145844671488,2004-09-16,2007-04-25,331.2
145844671488,2007-04-26,2009-12-02,332.01
145844671488,2009-12-03,2012-07-11,334.41
145844671488,2012-07-12,2015-02-14,340.64
890491444274,2000-03-05,2008-04-07,140.59
890491444274,2008-04-08,2016-05-11,141.16
890491444274,2016-05-12,2024-06-13,144.5
604294910511,2003-08-01,2004-06-29,92.71
604294910511,2004-06-30,2005-05-29,93.27
604294910511,2005-05-30,2006-04-28,93.48
604294910511,2006-04-29,2007-03-28,94.72
293341574297,2005-03-02,2006-05-30,113.23
293341574297,2006-05-31,2007-08-28,116.13
293341574297,2007-08-29,2008-11-25,117.1
293341574297,2008-11-26,2010-02-23,119.52
293341574297,2010-02-24,2011-05-22,121.46
403118967263,2002-11-29,2007-02-27,96.51
403118967263,2007-02-28,2011-05-29,98.98
403118967263,2011-05-30,2015-08-28,100.96
403118967263,2015-08-29,2019-11-27,104.19
313596270420,2004-11-21,2007-10-01,116.27
313596270420,2007-10-02,2010-08-11,116.29
313596270420,2010-08-12,2013-06-21,119.38
915865504351,2023-12-28,2024-01-30,208.99
915865504351,2024-01-31,2024-03-04,210.54
915865504351,2024-03-05,2024-04-07,217.45
915865504351,2024-04-08,2024-05-11,218.01
915865504351,2024-05-12,2024-06-13,223.16
814334092590,2005-10-04,2008-11-16,289.55
814334092590,2008-11-17,2011-12-31,295.12
814334092590,2012-01-01,2015-02-13,301.98
814334092590,2015-02-14,2018-03-29,307.11
814334092590,2018-03-30,2021-05-11,307.83
409313571908,2017-12-11,2019-02-01,284.23
409313571908,2019-02-02,2020-03-25,288.91
409313571908,2020-03-26,2021-05-17,293.37
409313571908,2021-05-18,2022-07-07,299.61
457980007466,2002-06-07,2006-06-26,173.27
457980007466,2006-06-27,2010-07-16,179.08
457980007466,2010-07-17,2014-08-05,181.25
457980007466,2014-08-06,2018-08-25,182.47
457980007466,2018-08-26,2022-09-13,185.25
392825937693,2003-10-03,2004-11-25,104.87
392825937693,2004-11-26,2006-01-19,106.86
392825937693,2006-01-20,2007-03-15,109.46
392825937693,2007-03-16,2008-05-08,110.7
392825937693,2008-05-09,2009-06-29,113.48
458798604908,2020-09-07,2021-12-09,330.59
458798604908,2021-12-10,2023-03-13,342.07
458798604908,2023-03-14,2024-06-13,345.84
858765026007,2008-01-19,2012-02-24,284.99
858765026007,2012-02-25,2016-04-01,293.81
858765026007,2016-04-02,2020-05-08,296.05
858765026007,2020-05-09,2024-06-13,302.92
167520650822,2002-09-13,2008-03-07,107.91
167520650822,2008-03-08,2013-08-31,109.82
167520650822,2013-09-01,2019-02-24,111.58
246043739860,2006-01-27,2006-07-24,349.59
246043739860,2006-07-25,2007-01-19,353.77
246043739860,2007-01-20,2007-07-17,364.87
246043739860,2007-07-18,2008-01-12,371.89
246043739860,2008-01-13,2008-07-06,375.69
785392870379,2023-10-16,2024-01-04,183.15
785392870379,2024-01-05,2024-03-25,187.67
785392870379,2024-03-26,2024-06-13,191.04
383163922083,2008-12-02,2013-09-02,149.71
383163922083,2013-09-03,2018-06-04,150.31
383163922083,2018-06-05,2023-03-04,150.88
280836331060,2000-03-05,2003-01-05,164.91
280836331060,2003-01-06,2005-11-07,167.59
280836331060,2005-11-08,2008-09-09,172.08
280836331060,2008-09-10,2011-07-13,172.52
280836331060,2011-07-14,2014-05-15,174.35
192268161675,2022-06-05,2023-02-06,290.31
192268161675,2023-02-07,2023-10-11,291.24
192268161675,2023-10-12,2024-06-13,294.04
69804224920,2005-12-26,2008-01-10,88.15
69804224920,2008-01-11,2010-01-25,90.89
69804224920,2010-01-26,2012-02-10,91.97
69804224920,2012-02-11,2014-02-22,93.1
248020916271,2013-11-21,2015-08-08,289.55
248020916271,2015-08-09,2017-04-25,299.23
248020916271,2017-04-26,2019-01-11,308.81
248020916271,2019-01-12,2020-09-28,315.78
248020916271,2020-09-29,2022-06-14,325.26
807529016594,2012-09-05,2015-08-15,192.27
807529016594,2015-08-16,2018-07-25,195.39
807529016594,2018-07-26,2021-07-04,195.61
807529016594,2021-07-05,2024-06-13,199.39
432993811552,2016-12-21,2019-06-19,201.39
432993811552,2019-06-20,2021-12-16,206.78
432993811552,2021-12-17,2024-06-13,210.56
267153538600,2015-11-23,2018-09-29,329.83
267153538600,2018-09-30,2021-08-06,332.35
267153538600,2021-08-07,2024-06-13,340.88
228251936347,2005-02-02,2008-06-24,296.39
228251936347,2008-06-25,2011-11-15,298.48
228251936347,2011-11-16,2015-04-07,301.89
426586917448,2021-06-05,2022-03-08,198.35
426586917448,2022-03-09,2022-12-10,198.92
426586917448,2022-12-11,2023-09-13,199.15
426586917448,2023-09-14,2024-06-13,199.29
117186355210,2000-08-20,2002-08-01,103.35
117186355210,2002-08-02,2004-07-13,104.6
117186355210,2004-07-14,2006-06-25,106.94
117186355210,2006-06-26,2008-06-06,107.05
843507834729,2010-10-06,2015-04-29,101.83
843507834729,2015-04-30,2019-11-21,102.87
843507834729,2019-11-22,2024-06-13,105.05
798625838862,2023-10-05,2023-11-24,313.87
798625838862,2023-11-25,2024-01-14,316.0
798625838862,2024-01-15,2024-03-05,324.63
798625838862,2024-03-06,2024-04-25,330.65
798625838862,2024-04-26,2024-06-13,337.31
912806722690,2014-02-24,2014-09-28,199.87
912806722690,2014-09-29,2015-05-03,203.95
912806722690,2015-05-04,2015-12-06,205.25
912806722690,2015-12-07,2016-07-10,207.53
912806722690,2016-07-11,2017-02-10,208.95
963986891317,2013-08-10,2015-09-17,370.87
963986891317,2015-09-18,2017-10-25,375.73
963986891317,2017-10-26,2019-12-03,384.65
963986891317,2019-12-04,2022-01-08,386.23
728519277293,2010-04-22,2012-12-21,44.07
728519277293,2012-12-22,2015-08-23,45.25
728519277293,2015-08-24,2018-04-23,46.16
630692039998,2000-03-05,2008-04-07,163.39
630692039998,2008-04-08,2016-05-11,164.03
630692039998,2016-05-12,2024-06-13,167.94
178978530116,2017-10-05,2019-06-07,224.19
178978530116,2019-06-08,2021-02-07,226.42
178978530116,2021-02-08,2022-10-11,229.7
178978530116,2022-10-12,2024-06-13,230.46
234855095649,2000-03-05,2005-01-11,378.47
234855095649,2005-01-12,2009-11-20,381.81
234855095649,2009-11-21,2014-09-29,394.24
234855095649,2014-09-30,2019-08-08,405.32
234855095649,2019-08-09,2024-06-13,414.07
35172257501,2000-03-05,2005-02-06,297.91
35172257501,2005-02-07,2010-01-11,301.54
35172257501,2010-01-12,2014-12-16,306.83
35172257501,2014-12-17,2019-11-20,314.79
59697315560,2007-08-14,2010-12-25,79.79
59697315560,2010-12-26,2014-05-08,80.86
59697315560,2014-05-09,2017-09-19,82.83
59697315560,2017-09-20,2021-01-31,83.28
59697315560,2021-02-01,2024-06-13,85.71
436285413493,2000-03-05,2003-02-12,304.75
436285413493,2003-02-13,2006-01-22,308.19
436285413493,2006-01-23,2009-01-01,318.27
436285413493,2009-01-02,2011-12-12,322.98
436285413493,2011-12-13,2014-11-19,331.43
779992520024,2000-03-05,2005-01-11,295.63
779992520024,2005-01-12,2009-11-20,303.12
779992520024,2009-11-21,2014-09-29,304.73
779992520024,2014-09-30,2019-08-08,306.2
779992520024,2019-08-09,2024-06-13,309.87
652858859486,2000-03-05,2003-05-11,202.91
652858859486,2003-05-12,2006-07-17,206.58
652858859486,2006-07-18,2009-09-22,208.38
652858859486,2009-09-23,2012-11-28,208.45
652858859486,2012-11-29,2016-01-31,212.52
609848388761,2000-03-05,2003-02-01,376.19
609848388761,2003-02-02,2005-12-31,379.99
609848388761,2006-01-01,2008-11-29,381.39
263479264681,2000-03-05,2005-01-11,374.67
263479264681,2005-01-12,2009-11-20,386.79
263479264681,2009-11-21,2014-09-29,387.47
263479264681,2014-09-30,2019-08-08,389.09
263479264681,2019-08-09,2024-06-13,401.49
392844745705,2009-07-09,2013-03-08,56.99
392844745705,2013-03-09,2016-11-06,58.63
392844745705,2016-11-07,2020-07-06,59.05
304016376563,2000-03-05,2006-03-30,264.47
304016376563,2006-03-31,2012-04-24,266.65
304016376563,2012-04-25,2018-05-20,267.52
304016376563,2018-05-21,2024-06-13,270.69
326926569668,2000-03-05,2003-12-05,352.63
326926569668,2003-12-06,2007-09-06,357.3
326926569668,2007-09-07,2011-06-08,363.59
326926569668,2011-06-09,2015-03-09,369.87
770909530099,2000-03-05,2005-01-11,363.27
770909530099,2005-01-12,2009-11-20,374.33
770909530099,2009-11-21,2014-09-29,381.09
770909530099,2014-09-30,2019-08-08,392.06
770909530099,2019-08-09,2024-06-13,400.02
479135375084,2000-03-05,2004-09-06,205.19
479135375084,2004-09-07,2009-03-11,209.68
479135375084,2009-03-12,2013-09-13,215.9
479135375084,2013-09-14,2018-03-18,216.87
479135375084,2018-03-19,2022-09-19,218.14
284615400909,2000-05-13,2004-02-13,233.31
284615400909,2004-02-14,2007-11-16,236.37
284615400909,2007-11-17,2011-08-17,237.85
682030583618,2000-03-05,2008-04-07,114.75
682030583618,2008-04-08,2016-05-11,116.13
682030583618,2016-05-12,2024-06-13,119.31
404371022744,2003-12-12,2008-04-02,357.95
404371022744,2008-04-03,2012-07-24,369.74
404371022744,2012-07-25,2016-11-14,382.5
259574478191,2011-05-23,2015-09-29,77.51
259574478191,2015-09-30,2020-02-06,78.44
259574478191,2020-02-07,2024-06-13,79.88
412249921228,2010-09-09,2013-12-20,108.67
412249921228,2013-12-21,2017-04-02,111.53
412249921228,2017-04-03,2020-07-14,111.9
412249921228,2020-07-15,2023-10-26,113.63
822647684203,2000-03-05,2006-12-31,56.99
822647684203,2007-01-01,2013-10-28,57.68
822647684203,2013-10-29,2020-08-23,58.05
242378108838,2013-02-08,2015-05-17,361.75
242378108838,2015-05-18,2017-08-23,367.84
242378108838,2017-08-24,2019-11-30,372.52
242378108838,2019-12-01,2022-03-08,377.07
242378108838,2022-03-09,2024-06-13,384.28
988516306543,2007-12-26,2013-06-21,151.23
988516306543,2013-06-22,2018-12-17,153.73
988516306543,2018-12-18,2024-06-13,157.74
635498338153,2017-02-07,2018-07-28,245.47
635498338153,2018-07-29,2020-01-16,246.58
635498338153,2020-01-17,2021-07-06,252.96
635498338153,2021-07-07,2022-12-25,256.67
635498338153,2022-12-26,2024-06-13,258.38
834550128200,2016-04-10,2018-12-31,110.95
834550128200,2019-01-01,2021-09-22,112.71
834550128200,2021-09-23,2024-06-13,114.23
254151852548,2004-10-15,2006-09-03,159.59
254151852548,2006-09-04,2008-07-23,159.75
254151852548,2008-07-24,2010-06-12,163.96
254151852548,2010-06-13,2012-04-29,165.62
397328082444,2018-11-27,2020-10-02,296.39
397328082444,2020-10-03,2022-08-09,297.94
397328082444,2022-08-10,2024-06-13,299.81
410340169266,2002-05-06,2006-06-02,324.51
410340169266,2006-06-03,2010-06-30,334.59
410340169266,2010-07-01,2014-07-28,346.19
410340169266,2014-07-29,2018-08-25,353.53
410340169266,2018-08-26,2022-09-20,359.34
393770943487,2006-01-15,2008-07-30,41.79
393770943487,2008-07-31,2011-02-13,42.21
393770943487,2011-02-14,2013-08-29,42.25
393770943487,2013-08-30,2016-03-14,43.39
393770943487,2016-03-15,2018-09-24,43.46
279257544142,2017-11-18,2020-01-26,7.19
279257544142,2020-01-27,2022-04-05,7.33
279257544142,2022-04-06,2024-06-13,7.37
705779663936,2021-01-30,2022-03-16,7.19
705779663936,2022-03-17,2023-05-01,7.41
705779663936,2023-05-02,2024-06-13,7.54
633993198487,2000-03-05,2005-11-05,23.09
633993198487,2005-11-06,2011-07-09,23.73
633993198487,2011-07-10,2017-03-11,24.17
633993198487,2017-03-12,2022-11-10,24.31
253007396922,2009-12-07,2010-09-25,27.73
253007396922,2010-09-26,2011-07-15,27.87
253007396922,2011-07-16,2012-05-03,28.13
253007396922,2012-05-04,2013-02-18,28.28
571709486537,2003-01-07,2006-02-25,18.24
571709486537,2006-02-26,2009-04-16,18.33
571709486537,2009-04-17,2012-06-05,18.41
571709486537,2012-06-06,2015-07-25,18.62
997027860925,2000-03-05,2008-02-04,21.89
997027860925,2008-02-05,2016-01-06,22.1
997027860925,2016-01-07,2023-12-06,22.35
393765668043,2008-08-21,2013-11-28,21.16
393765668043,2013-11-29,2019-03-08,21.66
393765668043,2019-03-09,2024-06-13,22.03
715775125765,2012-12-11,2015-10-27,34.3
715775125765,2015-10-28,2018-09-12,35.31
715775125765,2018-09-13,2021-07-29,35.53
715775125765,2021-07-30,2024-06-13,36.3
8311607185,2008-08-30,2012-01-01,21.16
8311607185,2012-01-02,2015-05-05,21.87
8311607185,2015-05-06,2018-09-06,22.38
8311607185,2018-09-07,2022-01-05,22.5
694759368582,2018-06-04,2018-11-24,32.11
694759368582,2018-11-25,2019-05-17,32.89
694759368582,2019-05-18,2019-11-07,33.4
694759368582,2019-11-08,2020-04-29,34.53
694759368582,2020-04-30,2020-10-20,34.63
952663053384,2000-03-05,2003-10-14,29.92
952663053384,2003-10-15,2007-05-25,30.76
952663053384,2007-05-26,2011-01-03,31.13
952663053384,2011-01-04,2014-08-14,31.34
952663053384,2014-08-15,2018-03-24,32.25
714736797348,2016-11-29,2019-06-04,27.73
714736797348,2019-06-05,2021-12-08,27.92
714736797348,2021-12-09,2024-06-13,28.45
592066941255,2001-08-28,2003-09-05,10.39
592066941255,2003-09-06,2005-09-13,10.62
592066941255,2005-09-14,2007-09-22,10.91
592066941255,2007-09-23,2009-09-30,11.28
592066941255,2009-10-01,2011-10-07,11.59
803646708664,2019-04-25,2019-10-20,14.03
803646708664,2019-10-21,2020-04-16,14.16
803646708664,2020-04-17,2020-10-12,14.33
803646708664,2020-10-13,2021-04-09,14.45
803646708664,2021-04-10,2021-10-02,14.55
230937063407,2011-11-07,2012-07-26,30.67
230937063407,2012-07-27,2013-04-15,30.91
230937063407,2013-04-16,2014-01-03,31.12
53722138605,2021-12-09,2022-06-10,40.55
53722138605,2022-06-11,2022-12-11,40.71
53722138605,2022-12-12,2023-06-13,41.41
53722138605,2023-06-14,2023-12-14,42.23
53722138605,2023-12-15,2024-06-13,42.62
458756136526,2000-12-21,2001-08-13,29.92
458756136526,2001-08-14,2002-04-06,30.65
458756136526,2002-04-07,2002-11-28,31.65
458756136526,2002-11-29,2003-07-20,32.17
774110995142,2018-03-11,2020-04-11,27.0
774110995142,2020-04-12,2022-05-14,27.87
774110995142,2022-05-15,2024-06-13,28.19
220155979666,2000-03-05,2005-01-11,29.19
220155979666,2005-01-12,2009-11-20,29.76
220155979666,2009-11-21,2014-09-29,29.98
220155979666,2014-09-30,2019-08-08,30.63
220155979666,2019-08-09,2024-06-13,31.33
637309834120,2000-03-05,2002-07-22,16.11
637309834120,2002-07-23,2004-12-08,16.12
637309834120,2004-12-09,2007-04-27,16.64
637309834120,2007-04-28,2009-09-13,16.96
637309834120,2009-09-14,2012-01-30,17.36
314378298229,2008-01-25,2012-02-29,11.95
314378298229,2012-03-01,2016-04-05,12.14
314378298229,2016-04-06,2020-05-11,12.41
314378298229,2020-05-12,2024-06-13,12.77
73033009593,2005-05-28,2008-02-05,28.59
73033009593,2008-02-06,2010-10-16,29.08
73033009593,2010-10-17,2013-06-26,29.75
73033009593,2013-06-27,2016-03-06,29.89
73033009593,2016-03-07,2018-11-13,30.43
622556985275,2023-10-15,2024-01-03,28.37
622556985275,2024-01-04,2024-03-24,28.72
622556985275,2024-03-25,2024-06-13,29.2
368692000228,2008-04-22,2011-07-15,31.71
368692000228,2011-07-16,2014-10-07,32.81
368692000228,2014-10-08,2017-12-30,33.03
368692000228,2017-12-31,2021-03-24,33.56
368692000228,2021-03-25,2024-06-13,34.38
761888570923,2007-05-17,2013-01-24,33.65
761888570923,2013-01-25,2018-10-05,34.45
761888570923,2018-10-06,2024-06-13,35.12
839689622605,2023-07-17,2023-09-21,23.35
839689622605,2023-09-22,2023-11-27,24.05
839689622605,2023-11-28,2024-02-02,24.8
839689622605,2024-02-03,2024-04-09,25.07
839689622605,2024-04-10,2024-06-13,25.74
329925669919,2001-12-27,2004-06-04,20.78
329925669919,2004-06-05,2006-11-12,21.44
329925669919,2006-11-13,2009-04-19,21.52
959800820700,2017-06-17,2019-03-17,46.52
959800820700,2019-03-18,2020-12-15,47.22
959800820700,2020-12-16,2022-09-15,48.52
959800820700,2022-09-16,2024-06-13,49.28
910315738492,2001-10-15,2007-06-06,21.77
910315738492,2007-06-07,2013-01-26,21.92
910315738492,2013-01-27,2018-09-18,22.15
910315738492,2018-09-19,2024-05-10,22.53
80587985181,2006-03-03,2010-06-30,22.76
80587985181,2010-07-01,2014-10-28,22.88
80587985181,2014-10-29,2019-02-25,23.61
80587985181,2019-02-26,2023-06-23,24.34
816100967989,2011-02-07,2014-03-28,26.51
816100967989,2014-03-29,2017-05-17,26.73
816100967989,2017-05-18,2020-07-06,26.76
816100967989,2020-07-07,2023-08-23,27.52
412587436156,2019-12-24,2021-06-20,42.11
412587436156,2021-06-21,2022-12-17,43.56
412587436156,2022-12-18,2024-06-13,43.81
730377810949,2018-07-05,2020-06-27,29.63
730377810949,2020-06-28,2022-06-21,30.33
730377810949,2022-06-22,2024-06-13,31.38
553895220324,2007-11-06,2011-12-31,13.51
553895220324,2012-01-01,2016-02-25,13.64
553895220324,2016-02-26,2020-04-21,14.07
553895220324,2020-04-22,2024-06-13,14.42
564207545653,2001-04-19,2004-12-29,24.93
564207545653,2004-12-30,2008-09-10,25.6
564207545653,2008-09-11,2012-05-23,26.11
564207545653,2012-05-24,2016-02-03,26.84
564207545653,2016-02-04,2019-10-13,27.71
910769408149,2001-11-19,2008-10-18,23.79
910769408149,2008-10-19,2015-09-18,24.18
910769408149,2015-09-19,2022-08-17,25.01
648743525109,2023-10-21,2024-01-07,31.38
648743525109,2024-01-08,2024-03-26,32.45
648743525109,2024-03-27,2024-06-13,33.34
857199140808,2006-06-20,2012-06-17,27.0
857199140808,2012-06-18,2018-06-16,27.59
857199140808,2018-06-17,2024-06-13,28.46
976621333486,2000-03-05,2003-09-18,43.04
976621333486,2003-09-19,2007-04-03,43.5
976621333486,2007-04-04,2010-10-17,43.64
976621333486,2010-10-18,2014-05-02,44.93
976621333486,2014-05-03,2017-11-12,45.02
430966075390,2011-03-24,2013-11-14,22.35
430966075390,2013-11-15,2016-07-08,23.1
430966075390,2016-07-09,2019-03-02,23.26
430966075390,2019-03-03,2021-10-24,24.05
430966075390,2021-10-25,2024-06-13,24.85
843371086460,2017-03-19,2019-08-17,26.27
843371086460,2019-08-18,2022-01-15,26.33
843371086460,2022-01-16,2024-06-13,27.1
856785110669,2000-03-05,2007-10-20,24.08
856785110669,2007-10-21,2015-06-06,24.89
856785110669,2015-06-07,2023-01-20,25.38
971586503165,2013-04-26,2015-07-18,21.16
971586503165,2015-07-19,2017-10-09,21.44
971586503165,2017-10-10,2020-01-01,21.61
971586503165,2020-01-02,2022-03-25,22.09
971586503165,2022-03-26,2024-06-13,22.2
100235338159,2010-07-19,2011-03-14,16.78
100235338159,2011-03-15,2011-11-08,16.9
100235338159,2011-11-09,2012-07-04,17.25
100235338159,2012-07-05,2013-02-28,17.47
100235338159,2013-03-01,2013-10-21,17.96
430987942367,2004-01-14,2009-02-20,24.08
430987942367,2009-02-21,2014-03-31,24.16
430987942367,2014-04-01,2019-05-09,24.36
430987942367,2019-05-10,2024-06-13,24.77
909534899510,2000-03-05,2006-03-30,24.81
909534899510,2006-03-31,2012-04-24,25.55
909534899510,2012-04-25,2018-05-20,26.43
909534899510,2018-05-21,2024-06-13,26.67
329389504764,2000-03-05,2006-03-30,43.85
329389504764,2006-03-31,2012-04-24,44.45
329389504764,2012-04-25,2018-05-20,44.99
329389504764,2018-05-21,2024-06-13,45.16
50889451820,2003-06-20,2005-07-10,34.39
50889451820,2005-07-11,2007-08-01,35.03
50889451820,2007-08-02,2009-08-22,35.62
50889451820,2009-08-23,2011-09-13,36.15
821338191051,2007-08-27,2011-11-07,30.95
821338191051,2011-11-08,2016-01-19,32.02
821338191051,2016-01-20,2020-04-01,32.23
821338191051,2020-04-02,2024-06-13,32.47
260493976682,2023-02-17,2023-06-17,35.25
260493976682,2023-06-18,2023-10-16,35.97
260493976682,2023-10-17,2024-02-14,36.78
260493976682,2024-02-15,2024-06-13,37.04
568116917037,2017-11-21,2019-06-20,48.5
568116917037,2019-06-21,2021-01-17,48.59
568116917037,2021-01-18,2022-08-17,49.1
568116917037,2022-08-18,2024-03-14,49.87
822116756868,2017-08-19,2018-11-23,47.51
822116756868,2018-11-24,2020-02-28,48.18
822116756868,2020-02-29,2021-06-04,49.23
822116756868,2021-06-05,2022-09-09,49.42
721972741868,2020-08-01,2021-11-14,38.6
721972741868,2021-11-15,2023-02-28,39.81
721972741868,2023-03-01,2024-06-13,40.61
546176880089,2010-11-02,2013-07-23,25.73
546176880089,2013-07-24,2016-04-13,26.62
546176880089,2016-04-14,2019-01-03,27.28
546176880089,2019-01-04,2021-09-24,27.62
546176880089,2021-09-25,2024-06-13,28.12
874561008306,2000-03-05,2008-04-07,47.29
874561008306,2008-04-08,2016-05-11,47.51
874561008306,2016-05-12,2024-06-13,48.07
238025339151,2006-01-08,2006-12-19,47.51
238025339151,2006-12-20,2007-11-30,48.9
238025339151,2007-12-01,2008-11-10,50.24
238025339151,2008-11-11,2009-10-22,50.38
238025339151,2009-10-23,2010-10-02,51.03
259195081565,2022-05-10,2022-11-17,41.57
259195081565,2022-11-18,2023-05-28,42.56
259195081565,2023-05-29,2023-12-06,42.99
259195081565,2023-12-07,2024-06-13,43.79
312663201831,2001-01-01,2001-07-28,23.21
312663201831,2001-07-29,2002-02-22,23.52
312663201831,2002-02-23,2002-09-19,23.82
312663201831,2002-09-20,2003-04-16,24.09
312663201831,2003-04-17,2003-11-11,24.87
714933001446,2005-03-26,2011-04-26,40.58
714933001446,2011-04-27,2017-05-27,41.48
714933001446,2017-05-28,2023-06-27,42.49
701422862107,2003-04-04,2006-12-20,26.65
701422862107,2006-12-21,2010-09-07,26.66
701422862107,2010-09-08,2014-05-25,27.17
690157355643,2002-02-27,2003-04-01,25.99
690157355643,2003-04-02,2004-05-04,26.12
690157355643,2004-05-05,2005-06-07,26.49
787138523839,2012-03-20,2013-08-05,23.39
787138523839,2013-08-06,2014-12-22,23.81
787138523839,2014-12-23,2016-05-09,24.38
787138523839,2016-05-10,2017-09-25,24.42
787138523839,2017-09-26,2019-02-07,24.56
783912512013,2015-09-06,2016-08-26,24.43
783912512013,2016-08-27,2017-08-17,24.52
783912512013,2017-08-18,2018-08-06,25.05
936923363710,2002-10-16,2007-04-14,41.59
936923363710,2007-04-15,2011-10-12,41.62
936923363710,2011-10-13,2016-04-10,42.0
936923363710,2016-04-11,2020-10-05,42.43
128683950419,2000-03-05,2005-01-11,13.51
128683950419,2005-01-12,2009-11-20,13.83
128683950419,2009-11-21,2014-09-29,13.98
128683950419,2014-09-30,2019-08-08,14.41
128683950419,2019-08-09,2024-06-13,14.58
872347060821,2021-02-19,2021-12-18,14.55
872347060821,2021-12-19,2022-10-17,14.68
872347060821,2022-10-18,2023-08-16,14.84
872347060821,2023-08-17,2024-06-13,15.1
272855642678,2004-02-23,2006-01-31,9.87
272855642678,2006-02-01,2008-01-10,9.88
272855642678,2008-01-11,2009-12-19,9.93
272855642678,2009-12-20,2011-11-28,10.27
272855642678,2011-11-29,2013-11-06,10.33
542499978281,2022-03-07,2022-12-08,25.99
542499978281,2022-12-09,2023-09-11,26.58
542499978281,2023-09-12,2024-06-13,27.32
986531946935,2000-03-05,2005-01-11,28.59
986531946935,2005-01-12,2009-11-20,29.56
986531946935,2009-11-21,2014-09-29,30.27
986531946935,2014-09-30,2019-08-08,31.02
986531946935,2019-08-09,2024-06-13,31.14
464384721362,2000-12-26,2006-04-12,29.63
464384721362,2006-04-13,2011-07-29,30.61
464384721362,2011-07-30,2016-11-13,30.73
422456882960,2016-01-06,2018-10-29,18.71
422456882960,2018-10-30,2021-08-22,18.92
422456882960,2021-08-23,2024-06-13,19.13
917845373827,2010-12-17,2015-06-16,35.35
917845373827,2015-06-17,2019-12-15,35.42
917845373827,2019-12-16,2024-06-13,36.33
336847961663,2014-03-14,2016-10-05,31.19
336847961663,2016-10-06,2019-04-30,32.27
336847961663,2019-05-01,2021-11-22,32.92
336847961663,2021-11-23,2024-06-13,33.94
587439116323,2022-05-11,2022-11-18,38.99
587439116323,2022-11-19,2023-05-29,40.06
587439116323,2023-05-30,2023-12-07,40.36
587439116323,2023-12-08,2024-06-13,41.66
346906292577,2022-06-19,2022-11-11,38.99
346906292577,2022-11-12,2023-04-06,40.02
346906292577,2023-04-07,2023-08-30,40.41
346906292577,2023-08-31,2024-01-23,40.69
346906292577,2024-01-24,2024-06-13,40.8
529240808400,2020-06-10,2021-03-29,28.59
529240808400,2021-03-30,2022-01-16,28.95
529240808400,2022-01-17,2022-11-05,29.11
529240808400,2022-11-06,2023-08-25,29.35
529240808400,2023-08-26,2024-06-13,29.36
513150915013,2013-12-03,2017-06-06,28.07
513150915013,2017-06-07,2020-12-09,28.26
513150915013,2020-12-10,2024-06-13,28.49
271789550653,2000-03-05,2006-03-30,18.71
271789550653,2006-03-31,2012-04-24,18.98
271789550653,2012-04-25,2018-05-20,19.35
271789550653,2018-05-21,2024-06-13,19.89
70639997743,2010-11-12,2011-11-05,41.07
70639997743,2011-11-06,2012-10-29,41.3
70639997743,2012-10-30,2013-10-21,42.4
765532426307,2023-08-04,2023-10-05,11.95
765532426307,2023-10-06,2023-12-07,12.13
765532426307,2023-12-08,2024-02-08,12.27
765532426307,2024-02-09,2024-04-11,12.61
765532426307,2024-04-12,2024-06-13,12.84
650151596381,2010-08-06,2012-07-27,22.62
650151596381,2012-07-28,2014-07-19,23.0
650151596381,2014-07-20,2016-07-09,23.12
162384144562,2000-07-19,2003-09-01,26.27
162384144562,2003-09-02,2006-10-15,26.78
162384144562,2006-10-16,2009-11-28,27.4
162384144562,2009-11-29,2013-01-10,27.47
874631322257,2005-02-28,2007-08-08,36.49
874631322257,2007-08-09,2010-01-16,37.23
874631322257,2010-01-17,2012-06-26,37.47
874631322257,2012-06-27,2014-12-05,37.75
874631322257,2014-12-06,2017-05-11,38.91
232491230165,2022-09-27,2023-04-23,29.92
232491230165,2023-04-24,2023-11-18,30.03
232491230165,2023-11-19,2024-06-13,30.42
166049644886,2011-03-08,2014-07-01,35.03
166049644886,2014-07-02,2017-10-25,35.71
166049644886,2017-10-26,2021-02-18,36.39
166049644886,2021-02-19,2024-06-13,37.46
705516174930,2000-03-05,2006-03-30,34.3
705516174930,2006-03-31,2012-04-24,34.69
705516174930,2012-04-25,2018-05-20,35.24
705516174930,2018-05-21,2024-06-13,36.39
735232450094,2000-03-05,2006-03-30,35.76
735232450094,2006-03-31,2012-04-24,36.45
735232450094,2012-04-25,2018-05-20,36.81
735232450094,2018-05-21,2024-06-13,38.01
173596778414,2007-07-08,2009-08-09,24.81
173596778414,2009-08-10,2011-09-12,25.1
173596778414,2011-09-13,2013-10-15,25.54
173596778414,2013-10-16,2015-11-18,25.72
173596778414,2015-11-19,2017-12-21,26.21
154550864169,2015-11-11,2016-09-27,28.46
154550864169,2016-09-28,2017-08-15,28.73
154550864169,2017-08-16,2018-07-03,28.92
154550864169,2018-07-04,2019-05-21,29.0
154550864169,2019-05-22,2020-04-04,29.67
826303150583,2000-03-05,2006-03-20,28.46
826303150583,2006-03-21,2012-04-04,29.37
826303150583,2012-04-05,2018-04-20,30.21
606140588769,2008-04-25,2013-09-10,31.38
606140588769,2013-09-11,2019-01-27,31.62
606140588769,2019-01-28,2024-06-13,31.69
29637363340,2010-03-17,2012-05-15,18.97
29637363340,2012-05-16,2014-07-15,19.01
29637363340,2014-07-16,2016-09-13,19.14
29637363340,2016-09-14,2018-11-12,19.68
510589746874,2004-07-06,2008-04-12,19.23
510589746874,2008-04-13,2012-01-19,19.71
510589746874,2012-01-20,2015-10-27,20.12
510589746874,2015-10-28,2019-08-02,20.34
327727189673,2000-03-05,2004-01-25,15.07
327727189673,2004-01-26,2007-12-17,15.3
327727189673,2007-12-18,2011-11-08,15.58
327727189673,2011-11-09,2015-09-28,15.65
775503261011,2017-11-29,2020-02-03,7.27
775503261011,2020-02-04,2022-04-10,7.52
775503261011,2022-04-11,2024-06-13,7.75
217674649903,2002-04-07,2007-10-23,15.07
217674649903,2007-10-24,2013-05-10,15.31
217674649903,2013-05-11,2018-11-26,15.8
217674649903,2018-11-27,2024-06-13,16.12
566591562841,2010-10-16,2014-03-16,32.84
566591562841,2014-03-17,2017-08-15,32.97
566591562841,2017-08-16,2021-01-14,33.2
566591562841,2021-01-15,2024-06-13,34.11
514318429458,2007-06-11,2009-08-14,35.76
514318429458,2009-08-15,2011-10-19,36.12
514318429458,2011-10-20,2013-12-23,36.75
514318429458,2013-12-24,2016-02-24,37.43
851717490895,2020-12-23,2021-09-02,18.71
851717490895,2021-09-03,2022-05-14,18.87
851717490895,2022-05-15,2023-01-23,19.15
851717490895,2023-01-24,2023-10-04,19.16
851717490895,2023-10-05,2024-06-13,19.43
495236156681,2001-12-07,2002-04-06,40.03
495236156681,2002-04-07,2002-08-05,41.35
495236156681,2002-08-06,2002-12-04,42.37
495236156681,2002-12-05,2003-04-04,43.04
903374028833,2006-05-08,2010-12-03,14.03
903374028833,2010-12-04,2015-07-01,14.42
903374028833,2015-07-02,2020-01-26,14.5
837107188139,2017-01-13,2019-07-04,39.51
837107188139,2019-07-05,2021-12-23,39.94
837107188139,2021-12-24,2024-06-13,41.25
616250879763,2007-12-11,2010-04-12,37.43
616250879763,2010-04-13,2012-08-13,37.56
616250879763,2012-08-14,2014-12-15,38.59
616250879763,2014-12-16,2017-04-16,38.98
881802593569,2020-12-04,2021-10-21,35.35
881802593569,2021-10-22,2022-09-08,36.49
881802593569,2022-09-09,2023-07-27,37.51
881802593569,2023-07-28,2024-06-13,38.06
821642921122,2015-12-24,2017-09-02,12.99
821642921122,2017-09-03,2019-05-14,13.09
821642921122,2019-05-15,2021-01-22,13.34
821642921122,2021-01-23,2022-10-03,13.4
821642921122,2022-10-04,2024-06-13,13.64
411217614094,2000-03-05,2004-08-05,6.75
411217614094,2004-08-06,2009-01-06,6.98
411217614094,2009-01-07,2013-06-09,7.19
411217614094,2013-06-10,2017-11-09,7.24
581062137335,2006-12-14,2008-03-28,6.75
581062137335,2008-03-29,2009-07-12,6.85
581062137335,2009-07-13,2010-10-26,6.99
794501896414,2023-03-05,2023-08-07,36.91
794501896414,2023-08-08,2024-01-10,37.54
794501896414,2024-01-11,2024-06-13,37.88
121149080491,2001-10-28,2007-01-20,20.79
121149080491,2007-01-21,2012-04-14,21.14
121149080491,2012-04-15,2017-07-08,21.44
121149080491,2017-07-09,2022-09-30,21.44
161843959907,2000-03-05,2006-03-30,22.87
161843959907,2006-03-31,2012-04-24,23.06
161843959907,2012-04-25,2018-05-20,23.79
161843959907,2018-05-21,2024-06-13,24.45
633924646216,2000-03-05,2006-03-30,15.59
633924646216,2006-03-31,2012-04-24,15.97
633924646216,2012-04-25,2018-05-20,16.0
633924646216,2018-05-21,2024-06-13,16.14
425845539070,2007-07-26,2011-05-29,31.71
425845539070,2011-05-30,2015-04-02,32.77
425845539070,2015-04-03,2019-02-04,32.8
99375837359,2015-01-06,2017-02-06,8.31
99375837359,2017-02-07,2019-03-11,8.44
99375837359,2019-03-12,2021-04-11,8.5
165293560973,2019-05-01,2020-08-10,42.11
165293560973,2020-08-11,2021-11-21,43.34
165293560973,2021-11-22,2023-03-04,44.62
165293560973,2023-03-05,2024-06-13,46.03
912311476866,2010-08-31,2015-02-12,32.75
912311476866,2015-02-13,2019-07-28,33.01
912311476866,2019-07-29,2024-01-08,33.61
543067056967,2020-01-26,2021-03-01,41.59
543067056967,2021-03-02,2022-04-06,42.03
543067056967,2022-04-07,2023-05-12,43.39
543067056967,2023-05-13,2024-06-13,44.32
309249013292,2021-09-10,2022-03-04,32.75
309249013292,2022-03-05,2022-08-27,33.27
309249013292,2022-08-28,2023-02-19,34.36
309249013292,2023-02-20,2023-08-13,35.12
33727574622,2002-12-02,2003-05-08,20.79
33727574622,2003-05-09,2003-10-13,21.09
33727574622,2003-10-14,2004-03-19,21.33
33727574622,2004-03-20,2004-08-24,21.34
946963416932,2015-05-23,2017-08-27,41.59
946963416932,2017-08-28,2019-12-03,42.21
946963416932,2019-12-04,2022-03-10,43.4
946963416932,2022-03-11,2024-06-13,44.62
254104246752,2000-03-05,2002-04-23,11.95
254104246752,2002-04-24,2004-06-11,11.99
254104246752,2004-06-12,2006-07-31,12.0
254104246752,2006-08-01,2008-09-18,12.24
254104246752,2008-09-19,2010-11-04,12.52
389740284346,2000-10-30,2003-05-05,18.19
389740284346,2003-05-06,2005-11-08,18.37
389740284346,2005-11-09,2008-05-14,18.4
389740284346,2008-05-15,2010-11-18,18.94
389740284346,2010-11-19,2013-05-20,19.55
252825230975,2012-12-03,2015-10-21,15.07
252825230975,2015-10-22,2018-09-08,15.33
252825230975,2018-09-09,2021-07-27,15.59
252825230975,2021-07-28,2024-06-13,15.8
449726041735,2019-04-29,2020-05-07,42.11
449726041735,2020-05-08,2021-05-17,43.3
449726041735,2021-05-18,2022-05-27,44.72
449726041735,2022-05-28,2023-06-06,45.11
449726041735,2023-06-07,2024-06-13,46.2
918162205860,2008-06-12,2012-06-12,16.11
918162205860,2012-06-13,2016-06-13,16.3
918162205860,2016-06-14,2020-06-14,16.33
918162205860,2020-06-15,2024-06-13,16.55
990944021844,2000-03-08,2001-08-15,36.39
990944021844,2001-08-16,2003-01-23,37.29
990944021844,2003-01-24,2004-06-30,37.52
357144678139,2000-11-26,2004-11-05,22.35
357144678139,2004-11-06,2008-10-16,22.54
357144678139,2008-10-17,2012-09-26,23.16
357144678139,2012-09-27,2016-09-06,23.25
385541342438,2006-02-03,2011-05-09,14.55
385541342438,2011-05-10,2016-08-12,14.74
385541342438,2016-08-13,2021-11-15,15.02
61011884348,2023-11-18,2024-01-26,14.03
61011884348,2024-01-27,2024-04-05,14.26
61011884348,2024-04-06,2024-06-13,14.34
30278071662,2005-08-25,2006-08-23,29.11
30278071662,2006-08-24,2007-08-22,29.66
30278071662,2007-08-23,2008-08-20,29.73
30278071662,2008-08-21,2009-08-19,30.64
30278071662,2009-08-20,2010-08-17,31.15
922993449515,2023-10-10,2023-12-31,55.99
922993449515,2024-01-01,2024-03-23,57.94
922993449515,2024-03-24,2024-06-13,59.47
609507853272,2015-10-13,2016-11-04,38.34
609507853272,2016-11-05,2017-11-28,39.18
609507853272,2017-11-29,2018-12-22,39.88
772810898886,2002-08-01,2003-02-18,61.74
772810898886,2003-02-19,2003-09-08,62.02
772810898886,2003-09-09,2004-03-28,62.85
772810898886,2004-03-29,2004-10-14,64.94
229090971261,2007-12-26,2011-04-11,63.69
229090971261,2011-04-12,2014-07-27,64.63
229090971261,2014-07-28,2017-11-11,64.92
229090971261,2017-11-12,2021-02-26,67.03
229090971261,2021-02-27,2024-06-13,67.82
915574900444,2010-04-14,2013-10-28,29.39
915574900444,2013-10-29,2017-05-14,29.44
915574900444,2017-05-15,2020-11-28,30.4
915574900444,2020-11-29,2024-06-13,30.48
402960381555,2001-09-27,2006-09-16,44.09
402960381555,2006-09-17,2011-09-06,44.8
402960381555,2011-09-07,2016-08-26,44.93
495639010290,2011-07-31,2013-09-26,38.34
495639010290,2013-09-27,2015-11-24,38.48
495639010290,2015-11-25,2018-01-21,38.73
495639010290,2018-01-22,2020-03-20,39.61
495639010290,2020-03-21,2022-05-15,40.89
388020940774,2000-03-05,2004-02-09,40.59
388020940774,2004-02-10,2008-01-16,41.68
388020940774,2008-01-17,2011-12-23,42.36
388020940774,2011-12-24,2015-11-29,43.28
388020940774,2015-11-30,2019-11-01,44.42
786981479805,2014-05-01,2016-02-28,48.99
786981479805,2016-02-29,2017-12-28,49.24
786981479805,2017-12-29,2019-10-28,50.44
786981479805,2019-10-29,2021-08-27,51.56
786981479805,2021-08-28,2023-06-27,52.62
121704632837,2015-09-02,2018-05-07,32.19
121704632837,2018-05-08,2021-01-10,32.88
121704632837,2021-01-11,2023-09-15,33.93
569400848013,2000-03-05,2006-03-30,25.89
569400848013,2006-03-31,2012-04-24,26.36
569400848013,2012-04-25,2018-05-20,26.78
569400848013,2018-05-21,2024-06-13,27.12
899011927334,2015-11-10,2016-06-21,39.19
899011927334,2016-06-22,2017-02-01,39.23
899011927334,2017-02-02,2017-09-13,40.04
138884470043,2003-07-11,2005-05-02,18.19
138884470043,2005-05-03,2007-02-23,18.35
138884470043,2007-02-24,2008-12-16,18.88
321304327694,2002-03-27,2003-10-31,25.89
321304327694,2003-11-01,2005-06-06,26.13
321304327694,2005-06-07,2007-01-09,26.32
864925425184,2018-04-02,2020-04-25,37.09
864925425184,2020-04-26,2022-05-20,38.37
864925425184,2022-05-21,2024-06-13,39.32
434273264270,2022-12-04,2023-04-22,25.19
434273264270,2023-04-23,2023-09-09,25.28
434273264270,2023-09-10,2024-01-27,25.28
434273264270,2024-01-28,2024-06-13,25.88
660233223548,2014-04-27,2015-05-11,32.89
660233223548,2015-05-12,2016-05-25,33.42
660233223548,2016-05-26,2017-06-09,33.69
660233223548,2017-06-10,2018-06-23,34.46
589021652592,2000-03-05,2008-04-07,49.69
589021652592,2008-04-08,2016-05-11,50.17
589021652592,2016-05-12,2024-06-13,51.36
981277196644,2015-06-11,2018-06-11,53.29
981277196644,2018-06-12,2021-06-12,54.58
981277196644,2021-06-13,2024-06-13,54.61
590935468247,2000-03-05,2007-02-21,17.49
590935468247,2007-02-22,2014-02-09,17.88
590935468247,2014-02-10,2021-01-26,18.0
277349126030,2000-03-05,2008-04-07,66.94
277349126030,2008-04-08,2016-05-11,68.95
277349126030,2016-05-12,2024-06-13,69.73
364879374670,2014-03-31,2015-11-08,44.79
364879374670,2015-11-09,2017-06-18,44.99
364879374670,2017-06-19,2019-01-27,45.45
364879374670,2019-01-28,2020-09-04,45.94
678577960449,2000-03-05,2006-03-30,26.64
678577960449,2006-03-31,2012-04-24,27.16
678577960449,2012-04-25,2018-05-20,27.56
678577960449,2018-05-21,2024-06-13,28.45
709988926509,2007-07-30,2011-02-22,54.59
709988926509,2011-02-23,2014-09-18,55.19
709988926509,2014-09-19,2018-04-14,57.1
709988926509,2018-04-15,2021-11-07,58.87
243497726491,2024-02-15,2024-03-09,33.59
243497726491,2024-03-10,2024-04-02,33.99
243497726491,2024-04-03,2024-04-26,34.71
243497726491,2024-04-27,2024-05-20,35.65
243497726491,2024-05-21,2024-06-13,36.31
767261902992,2019-01-23,2019-09-11,32.89
767261902992,2019-09-12,2020-04-30,33.45
767261902992,2020-05-01,2020-12-18,34.47
767261902992,2020-12-19,2021-08-04,35.67
260705419563,2007-05-28,2011-08-31,28.37
260705419563,2011-09-01,2015-12-05,29.04
260705419563,2015-12-06,2020-03-10,29.9
260705419563,2020-03-11,2024-06-13,30.07
280274579758,2012-02-11,2014-07-12,17.37
280274579758,2014-07-13,2016-12-11,17.51
280274579758,2016-12-12,2019-05-13,17.87
280274579758,2019-05-14,2021-10-10,18.25
843174134702,2022-02-08,2022-07-29,21.11
843174134702,2022-07-30,2023-01-17,21.29
843174134702,2023-01-18,2023-07-08,21.31
843174134702,2023-07-09,2023-12-27,22.02
843174134702,2023-12-28,2024-06-13,22.54
517355520256,2000-03-05,2001-09-21,30.35
517355520256,2001-09-22,2003-04-10,31.3
517355520256,2003-04-11,2004-10-27,31.97
517355520256,2004-10-28,2006-05-16,33.05
517355520256,2006-05-17,2007-12-02,34.12
97399514423,2009-03-26,2014-04-21,42.92
97399514423,2014-04-22,2019-05-18,43.75
97399514423,2019-05-19,2024-06-13,44.59
550638516430,2020-02-21,2021-07-29,14.51
550638516430,2021-07-30,2023-01-05,14.76
550638516430,2023-01-06,2024-06-13,14.88
43368925493,2002-12-13,2003-09-19,25.96
43368925493,2003-09-20,2004-06-26,26.2
43368925493,2004-06-27,2005-04-03,26.6
43368925493,2005-04-04,2006-01-08,26.6
619155946622,2003-08-04,2007-10-05,20.13
619155946622,2007-10-06,2011-12-07,20.35
619155946622,2011-12-08,2016-02-08,20.66
619155946622,2016-02-09,2020-04-11,20.93
619155946622,2020-04-12,2024-06-13,21.62
853350218195,2011-04-30,2014-08-10,31.79
853350218195,2014-08-11,2017-11-21,32.04
853350218195,2017-11-22,2021-03-04,32.87
853350218195,2021-03-05,2024-06-13,33.89
962808724581,2022-03-09,2022-12-09,33.91
962808724581,2022-12-10,2023-09-11,33.97
962808724581,2023-09-12,2024-06-13,34.25
338009690817,2000-03-05,2003-12-23,20.13
338009690817,2003-12-24,2007-10-12,20.55
338009690817,2007-10-13,2011-08-01,20.57
338009690817,2011-08-02,2015-05-20,20.77
903840435929,2023-10-11,2023-12-11,40.8
903840435929,2023-12-12,2024-02-11,41.15
903840435929,2024-02-12,2024-04-13,41.62
903840435929,2024-04-14,2024-06-13,42.87
687285820792,2012-01-23,2012-08-06,12.71
687285820792,2012-08-07,2013-02-19,12.9
687285820792,2013-02-20,2013-09-04,13.35
687285820792,2013-09-05,2014-03-20,13.54
687285820792,2014-03-21,2014-10-02,13.99
829880371105,2012-04-19,2016-05-07,8.47
829880371105,2016-05-08,2020-05-26,8.56
829880371105,2020-05-27,2024-06-13,8.86
395344211589,2000-03-05,2008-04-07,27.55
395344211589,2008-04-08,2016-05-11,28.1
395344211589,2016-05-12,2024-06-13,28.21
49395427108,2003-04-09,2005-01-26,23.84
49395427108,2005-01-27,2006-11-16,24.29
49395427108,2006-11-17,2008-09-05,25.04
49395427108,2008-09-06,2010-06-26,25.47
49395427108,2010-06-27,2012-04-15,25.95
479714921923,2023-01-28,2023-06-02,28.08
479714921923,2023-06-03,2023-10-06,28.97
479714921923,2023-10-07,2024-02-09,29.72
479714921923,2024-02-10,2024-06-13,29.81
175883828017,2006-01-05,2009-09-13,31.26
175883828017,2009-09-14,2013-05-23,32.06
175883828017,2013-05-24,2017-01-30,32.58
175883828017,2017-01-31,2020-10-08,32.63
768936321070,2009-02-07,2013-07-28,34.44
768936321070,2013-07-29,2018-01-16,35.31
768936321070,2018-01-17,2022-07-07,35.58
895635924711,2020-04-15,2021-02-13,17.59
895635924711,2021-02-14,2021-12-15,18.16
895635924711,2021-12-16,2022-10-16,18.43
895635924711,2022-10-17,2023-08-17,18.54
895635924711,2023-08-18,2024-06-13,18.74
586895710212,2000-03-05,2008-04-07,14.39
586895710212,2008-04-08,2016-05-11,14.48
586895710212,2016-05-12,2024-06-13,14.93
236734704055,2011-08-28,2015-12-02,17.59
236734704055,2015-12-03,2020-03-08,18.13
236734704055,2020-03-09,2024-06-13,18.16
789181934563,2023-04-24,2023-07-16,26.85
789181934563,2023-07-17,2023-10-08,27.57
789181934563,2023-10-09,2023-12-31,28.17
789181934563,2024-01-01,2024-03-24,29.09
789181934563,2024-03-25,2024-06-13,29.57
283828438990,2017-08-08,2019-04-25,23.69
283828438990,2019-04-26,2021-01-10,24.16
283828438990,2021-01-11,2022-09-28,24.59
283828438990,2022-09-29,2024-06-13,24.99
213859277084,2000-03-05,2006-03-30,13.42
213859277084,2006-03-31,2012-04-24,13.78
213859277084,2012-04-25,2018-05-20,13.94
213859277084,2018-05-21,2024-06-13,14.15
686094516599,2022-08-06,2023-03-19,18.95
686094516599,2023-03-20,2023-10-31,19.61
686094516599,2023-11-01,2024-06-13,19.74
471822561435,2006-05-26,2007-01-21,13.42
471822561435,2007-01-22,2007-09-19,13.87
471822561435,2007-09-20,2008-05-17,14.34
471822561435,2008-05-18,2009-01-13,14.59
471822561435,2009-01-14,2009-09-10,14.72
418073067255,2006-03-06,2009-03-21,20.53
418073067255,2009-03-22,2012-04-06,20.9
418073067255,2012-04-07,2015-04-23,21.56
480018647549,2005-08-31,2008-06-18,15.0
480018647549,2008-06-19,2011-04-07,15.03
480018647549,2011-04-08,2014-01-24,15.13
480018647549,2014-01-25,2016-11-10,15.44
834443993335,2013-08-01,2015-10-03,22.9
834443993335,2015-10-04,2017-12-05,23.69
834443993335,2017-12-06,2020-02-07,24.42
834443993335,2020-02-08,2022-04-11,25.08
834443993335,2022-04-12,2024-06-13,25.95
854268930957,2022-02-28,2022-12-03,29.59
854268930957,2022-12-04,2023-09-08,29.81
854268930957,2023-09-09,2024-06-13,30.46
770283359651,2008-11-07,2009-05-25,18.39
770283359651,2009-05-26,2009-12-11,18.77
770283359651,2009-12-12,2010-06-29,19.14
770283359651,2010-06-30,2011-01-15,19.26
102000439863,2018-12-16,2019-02-27,11.99
102000439863,2019-02-28,2019-05-12,12.33
102000439863,2019-05-13,2019-07-25,12.36
102000439863,2019-07-26,2019-10-07,12.39
102000439863,2019-10-08,2019-12-17,12.8
65783583362,2003-12-31,2007-02-28,32.79
65783583362,2007-03-01,2010-04-29,32.87
65783583362,2010-04-30,2013-06-28,33.1
65783583362,2013-06-29,2016-08-27,33.14
65783583362,2016-08-28,2019-10-23,33.59
371619718793,2019-02-13,2020-06-13,11.19
371619718793,2020-06-14,2021-10-13,11.2
371619718793,2021-10-14,2023-02-12,11.58
371619718793,2023-02-13,2024-06-13,11.7
699457478304,2000-03-05,2006-03-30,24.79
699457478304,2006-03-31,2012-04-24,25.45
699457478304,2012-04-25,2018-05-20,26.31
699457478304,2018-05-21,2024-06-13,27.07
712834216099,2008-02-04,2009-08-30,13.42
712834216099,2009-08-31,2011-03-27,13.49
712834216099,2011-03-28,2012-10-21,13.7
712834216099,2012-10-22,2014-05-18,14.14
712834216099,2014-05-19,2015-12-11,14.59
487240734573,2001-11-24,2004-03-26,32.38
487240734573,2004-03-27,2006-07-28,32.61
487240734573,2006-07-29,2008-11-28,33.41
487240734573,2008-11-29,2011-04-01,33.58
487240734573,2011-04-02,2013-07-29,33.76
229889175139,2018-06-01,2020-06-04,31.26
229889175139,2020-06-05,2022-06-09,31.69
229889175139,2022-06-10,2024-06-13,32.27
848354784180,2000-07-11,2006-04-18,17.48
848354784180,2006-04-19,2012-01-25,17.86
848354784180,2012-01-26,2017-11-02,18.42
848354784180,2017-11-03,2023-08-08,18.56
474180419776,2006-12-25,2011-08-06,15.89
474180419776,2011-08-07,2016-03-18,15.98
474180419776,2016-03-19,2020-10-28,16.19
688359903311,2012-11-17,2015-10-09,21.72
688359903311,2015-10-10,2018-08-31,22.34
688359903311,2018-09-01,2021-07-23,23.04
688359903311,2021-07-24,2024-06-13,23.08
125694309601,2021-09-06,2022-08-09,21.72
125694309601,2022-08-10,2023-07-13,21.76
125694309601,2023-07-14,2024-06-13,21.83
964229688770,2010-01-30,2013-09-03,29.14
964229688770,2013-09-04,2017-04-08,29.74
964229688770,2017-04-09,2020-11-11,29.98
964229688770,2020-11-12,2024-06-13,30.36
246427593149,2022-11-23,2023-04-14,21.32
246427593149,2023-04-15,2023-09-04,21.96
246427593149,2023-09-05,2024-01-25,22.67
246427593149,2024-01-26,2024-06-13,22.78
405443119300,2007-08-14,2008-03-10,15.0
405443119300,2008-03-11,2008-10-06,15.16
405443119300,2008-10-07,2009-05-04,15.49
405443119300,2009-05-05,2009-11-27,15.87
528778004957,2024-02-17,2024-03-27,6.35
528778004957,2024-03-28,2024-05-06,6.41
528778004957,2024-05-07,2024-06-13,6.6
144605328548,2013-12-22,2016-08-04,32.32
144605328548,2016-08-05,2019-03-19,33.24
144605328548,2019-03-20,2021-10-31,34.17
144605328548,2021-11-01,2024-06-13,34.98
969121199522,2022-06-23,2023-02-18,24.9
969121199522,2023-02-19,2023-10-17,25.55
969121199522,2023-10-18,2024-06-13,25.69
748727436107,2011-09-08,2012-01-29,21.19
748727436107,2012-01-30,2012-06-21,21.26
748727436107,2012-06-22,2012-11-10,21.69
252810898593,2000-03-05,2004-12-22,24.9
252810898593,2004-12-23,2009-10-11,25.05
252810898593,2009-10-12,2014-07-30,25.73
883692427016,2008-12-10,2010-03-19,36.03
883692427016,2010-03-20,2011-06-27,36.64
883692427016,2011-06-28,2012-10-04,37.71
883692427016,2012-10-05,2014-01-12,38.83
621831908411,2013-10-05,2017-04-28,11.65
621831908411,2017-04-29,2020-11-20,11.92
621831908411,2020-11-21,2024-06-13,12.29
803540544825,2023-09-01,2023-10-28,32.32
803540544825,2023-10-29,2023-12-25,32.94
803540544825,2023-12-26,2024-02-21,33.5
803540544825,2024-02-22,2024-04-19,34.6
803540544825,2024-04-20,2024-06-13,34.72
940539011644,2020-07-08,2021-10-29,25.96
940539011644,2021-10-30,2023-02-20,26.45
940539011644,2023-02-21,2024-06-13,26.74
220691059280,2018-10-31,2020-09-14,27.02
220691059280,2020-09-15,2022-07-31,27.59
220691059280,2022-08-01,2024-06-13,28.37
296222259962,2000-03-05,2005-01-11,20.66
296222259962,2005-01-12,2009-11-20,21.29
296222259962,2009-11-21,2014-09-29,21.55
296222259962,2014-09-30,2019-08-08,21.59
296222259962,2019-08-09,2024-06-13,22.16
123033879891,2004-08-11,2007-05-31,40.27
123033879891,2007-06-01,2010-03-20,40.62
123033879891,2010-03-21,2013-01-07,41.6
123033879891,2013-01-08,2015-10-28,41.7
181856479704,2019-01-15,2019-06-26,32.32
181856479704,2019-06-27,2019-12-06,32.88
181856479704,2019-12-07,2020-05-17,33.23
181856479704,2020-05-18,2020-10-27,33.34
181856479704,2020-10-28,2021-04-05,33.52
20292838600,2014-01-26,2016-02-23,9.53
20292838600,2016-02-24,2018-03-23,9.76
20292838600,2018-03-24,2020-04-20,9.8
20292838600,2020-04-21,2022-05-19,10.01
20292838600,2022-05-20,2024-06-13,10.24
133561185340,2022-07-04,2023-02-25,32.85
133561185340,2023-02-26,2023-10-20,32.98
133561185340,2023-10-21,2024-06-13,33.48
292086767025,2018-10-05,2019-05-18,31.26
292086767025,2019-05-19,2019-12-30,32.18
292086767025,2019-12-31,2020-08-12,32.52
292086767025,2020-08-13,2021-03-26,32.97
292086767025,2021-03-27,2021-11-05,33.58
713073855711,2009-06-01,2011-03-12,36.03
713073855711,2011-03-13,2012-12-21,36.13
713073855711,2012-12-22,2014-10-01,36.85
226916824510,2001-05-01,2004-02-02,33.38
226916824510,2004-02-03,2006-11-06,34.3
226916824510,2006-11-07,2009-08-10,34.71
177899640966,2015-06-02,2017-03-22,7.41
177899640966,2017-03-23,2019-01-11,7.58
177899640966,2019-01-12,2020-11-01,7.79
177899640966,2020-11-02,2022-08-23,8.05
177899640966,2022-08-24,2024-06-13,8.22
372336478366,2010-10-22,2012-12-19,14.3
372336478366,2012-12-20,2015-02-17,14.59
372336478366,2015-02-18,2017-04-17,15.04
372336478366,2017-04-18,2019-06-14,15.18
306601900160,2022-11-21,2023-04-12,31.79
306601900160,2023-04-13,2023-09-02,32.07
306601900160,2023-09-03,2024-01-23,32.74
306601900160,2024-01-24,2024-06-13,33.51
781622116385,2019-09-05,2020-08-18,27.55
781622116385,2020-08-19,2021-08-02,27.68
781622116385,2021-08-03,2022-07-17,27.98
781622116385,2022-07-18,2023-07-01,28.37
781622116385,2023-07-02,2024-06-13,28.97
28261603556,2008-12-20,2012-11-02,14.3
28261603556,2012-11-03,2016-09-16,14.44
28261603556,2016-09-17,2020-07-31,14.48
28261603556,2020-08-01,2024-06-13,14.85
877678651397,2001-02-27,2007-12-23,16.95
877678651397,2007-12-24,2014-10-18,17.32
877678651397,2014-10-19,2021-08-11,17.76
773303979204,2015-02-26,2017-06-23,36.03
773303979204,2017-06-24,2019-10-20,37.04
773303979204,2019-10-21,2022-02-15,37.17
773303979204,2022-02-16,2024-06-13,37.86
30845208446,2017-03-20,2019-08-17,16.95
30845208446,2019-08-18,2022-01-14,17.14
30845208446,2022-01-15,2024-06-13,17.35
651897021687,2011-09-03,2015-12-06,28.61
651897021687,2015-12-07,2020-03-10,29.09
651897021687,2020-03-11,2024-06-13,29.41
753497549896,2020-09-18,2021-06-17,34.44
753497549896,2021-06-18,2022-03-17,35.57
753497549896,2022-03-18,2022-12-15,36.38
753497549896,2022-12-16,2023-09-14,36.46
753497549896,2023-09-15,2024-06-13,36.66
660696618295,2000-03-05,2003-09-10,28.61
660696618295,2003-09-11,2007-03-18,28.77
660696618295,2007-03-19,2010-09-23,29.52
660696618295,2010-09-24,2014-03-31,30.12
660696618295,2014-04-01,2017-10-04,30.82
870189698370,2000-03-05,2004-11-05,7.41
870189698370,2004-11-06,2009-07-09,7.55
870189698370,2009-07-10,2014-03-12,7.72
870189698370,2014-03-13,2018-11-10,7.84
309763107859,2008-06-15,2011-08-27,13.77
309763107859,2011-08-28,2014-11-08,13.78
309763107859,2014-11-09,2018-01-20,13.89
309763107859,2018-01-21,2021-04-03,13.98
309763107859,2021-04-04,2024-06-13,14.03
264314380702,2012-08-08,2015-07-25,9.0
264314380702,2015-07-26,2018-07-11,9.25
264314380702,2018-07-12,2021-06-27,9.38
264314380702,2021-06-28,2024-06-13,9.54
910090965328,2012-04-28,2013-05-13,33.38
910090965328,2013-05-14,2014-05-29,34.32
910090965328,2014-05-30,2015-06-14,34.83
910090965328,2015-06-15,2016-06-29,35.52
910090965328,2016-06-30,2017-07-12,36.58
737855929674,2003-05-21,2009-04-13,34.44
737855929674,2009-04-14,2015-03-08,35.49
737855929674,2015-03-09,2021-01-28,36.34
73011349666,2019-03-09,2020-12-09,12.18
73011349666,2020-12-10,2022-09-12,12.4
73011349666,2022-09-13,2024-06-13,12.44
587752924780,2020-05-31,2021-10-04,30.73
587752924780,2021-10-05,2023-02-08,31.69
587752924780,2023-02-09,2024-06-13,32.63
390360930087,2011-02-04,2013-10-06,13.42
390360930087,2013-10-07,2016-06-08,13.6
390360930087,2016-06-09,2019-02-09,13.66
390360930087,2019-02-10,2021-10-12,14.0
390360930087,2021-10-13,2024-06-13,14.16
55912326892,2018-10-17,2020-03-16,28.43
55912326892,2020-03-17,2021-08-15,29.12
55912326892,2021-08-16,2023-01-14,29.63
55912326892,2023-01-15,2024-06-13,30.38
698152835276,2005-05-26,2009-01-21,27.02
698152835276,2009-01-22,2012-09-19,27.29
698152835276,2012-09-20,2016-05-18,27.5
698152835276,2016-05-19,2020-01-15,27.9
698152835276,2020-01-16,2023-09-10,28.77
622887561346,2009-03-17,2011-06-14,14.3
622887561346,2011-06-15,2013-09-11,14.79
622887561346,2013-09-12,2015-12-10,14.97
622887561346,2015-12-11,2018-03-06,15.12
924144197269,2007-07-28,2008-04-24,25.96
924144197269,2008-04-25,2009-01-21,26.33
924144197269,2009-01-22,2009-10-20,26.68
924144197269,2009-10-21,2010-07-19,27.04
924144197269,2010-07-20,2011-04-13,27.63
962084913556,2002-04-14,2004-06-01,6.35
962084913556,2004-06-02,2006-07-21,6.46
962084913556,2006-07-22,2008-09-07,6.6
93172031965,2014-09-11,2017-01-24,23.69
93172031965,2017-01-25,2019-06-10,24.26
93172031965,2019-06-11,2021-10-24,25.08
93172031965,2021-10-25,2024-03-07,25.27
471402392732,2023-03-25,2023-07-14,11.05
471402392732,2023-07-15,2023-11-03,11.12
471402392732,2023-11-04,2024-02-23,11.13
471402392732,2024-02-24,2024-06-13,11.3
447460417250,2007-05-16,2008-03-05,22.9
447460417250,2008-03-06,2008-12-25,23.03
447460417250,2008-12-26,2009-10-16,23.49
447460417250,2009-10-17,2010-08-05,23.62
360274400952,2009-07-28,2013-09-25,30.8
360274400952,2013-09-26,2017-11-24,31.47
360274400952,2017-11-25,2022-01-22,32.56
470028715604,2000-03-05,2004-06-05,15.79
470028715604,2004-06-06,2008-09-06,15.96
470028715604,2008-09-07,2012-12-08,16.21
470028715604,2012-12-09,2017-03-11,16.69
470028715604,2017-03-12,2021-06-10,17.23
561678306202,2000-10-02,2003-02-15,26.85
561678306202,2003-02-16,2005-07-01,27.22
561678306202,2005-07-02,2007-11-15,27.33
561678306202,2007-11-16,2010-03-31,28.24
561678306202,2010-04-01,2012-08-11,28.78
933773068062,2014-02-27,2016-03-19,19.74
933773068062,2016-03-20,2018-04-10,20.28
933773068062,2018-04-11,2020-05-01,20.37
933773068062,2020-05-02,2022-05-23,20.59
933773068062,2022-05-24,2024-06-13,21.2
964637852404,2016-10-03,2019-04-27,27.64
964637852404,2019-04-28,2021-11-19,28.19
964637852404,2021-11-20,2024-06-13,28.81
28819762964,2011-05-04,2012-06-04,28.43
28819762964,2012-06-05,2013-07-07,29.19
28819762964,2013-07-08,2014-08-09,29.76
28819762964,2014-08-10,2015-09-11,30.34
28819762964,2015-09-12,2016-10-12,30.55
451585321781,2009-05-23,2012-05-24,30.8
451585321781,2012-05-25,2015-05-27,30.95
451585321781,2015-05-28,2018-05-29,31.78
451585321781,2018-05-30,2021-05-30,31.79
260984813328,2012-06-10,2016-06-11,20.53
260984813328,2016-06-12,2020-06-13,20.9
260984813328,2020-06-14,2024-06-13,21.05
639685257685,2000-11-29,2006-03-30,42.92
639685257685,2006-03-31,2011-07-30,43.27
639685257685,2011-07-31,2016-11-28,44.52
639685257685,2016-11-29,2022-03-29,44.67
629300579933,2003-12-26,2010-10-21,12.63
629300579933,2010-10-22,2017-08-17,12.68
629300579933,2017-08-18,2024-06-13,12.95
518877266011,2000-03-05,2002-03-28,16.79
518877266011,2002-03-29,2004-04-20,16.79
518877266011,2004-04-21,2006-05-14,16.88
518877266011,2006-05-15,2008-06-03,17.06
298360593984,2009-02-01,2011-10-13,23.31
298360593984,2011-10-14,2014-06-24,23.32
298360593984,2014-06-25,2017-03-05,23.74
298360593984,2017-03-06,2019-11-14,24.56
685026091562,2024-05-04,2024-05-14,22.25
685026091562,2024-05-15,2024-05-25,22.65
685026091562,2024-05-26,2024-06-05,22.7
685026091562,2024-06-06,2024-06-13,22.95
84964814712,2008-02-11,2008-11-26,8.47
84964814712,2008-11-27,2009-09-12,8.56
84964814712,2009-09-13,2010-06-29,8.84
84964814712,2010-06-30,2011-04-15,8.89
84964814712,2011-04-16,2012-01-29,9.17
151715339364,2002-11-29,2008-09-13,9.47
151715339364,2008-09-14,2014-06-30,9.53
151715339364,2014-07-01,2020-04-14,9.55
599019471098,2001-04-21,2003-08-18,14.21
599019471098,2003-08-19,2005-12-15,14.69
599019471098,2005-12-16,2008-04-13,15.09
599019471098,2008-04-14,2010-08-11,15.43
599019471098,2010-08-12,2012-12-04,15.51
318718090108,2004-06-15,2010-03-18,21.32
318718090108,2010-03-19,2015-12-20,21.44
318718090108,2015-12-21,2021-09-21,21.76
853514986687,2004-12-29,2007-07-24,56.55
853514986687,2007-07-25,2010-02-16,56.64
853514986687,2010-02-17,2012-09-11,56.7
853514986687,2012-09-12,2015-04-07,58.33
853514986687,2015-04-08,2017-10-29,59.41
230026748062,2011-06-22,2013-09-18,39.19
230026748062,2013-09-19,2015-12-17,39.84
230026748062,2015-12-18,2018-03-16,40.38
230026748062,2018-03-17,2020-06-13,40.56
259669180633,2007-10-11,2010-04-20,29.67
259669180633,2010-04-21,2012-10-29,30.2
259669180633,2012-10-30,2015-05-10,30.86
259669180633,2015-05-11,2017-11-18,31.73
259669180633,2017-11-19,2020-05-26,32.09
648095106377,2000-03-05,2005-01-11,54.31
648095106377,2005-01-12,2009-11-20,55.72
648095106377,2009-11-21,2014-09-29,56.94
648095106377,2014-09-30,2019-08-08,58.3
648095106377,2019-08-09,2024-06-13,59.38
209620534593,2005-04-22,2011-09-08,40.87
209620534593,2011-09-09,2018-01-25,41.81
209620534593,2018-01-26,2024-06-13,42.15
650659963524,2024-02-15,2024-03-15,12.31
650659963524,2024-03-16,2024-04-14,12.5
650659963524,2024-04-15,2024-05-14,12.86
650659963524,2024-05-15,2024-06-13,13.22
116730902764,2009-08-05,2010-06-28,54.31
116730902764,2010-06-29,2011-05-22,55.14
116730902764,2011-05-23,2012-04-14,55.17
116730902764,2012-04-15,2013-03-07,56.38
187739820281,2006-03-04,2009-11-18,24.08
187739820281,2009-11-19,2013-08-05,24.74
187739820281,2013-08-06,2017-04-22,25.26
187739820281,2017-04-23,2021-01-07,25.97
197262618965,2014-02-20,2016-09-18,23.51
197262618965,2016-09-19,2019-04-18,23.8
197262618965,2019-04-19,2021-11-15,24.5
197262618965,2021-11-16,2024-06-13,25.21
901710590549,2004-08-27,2006-03-18,49.27
901710590549,2006-03-19,2007-10-08,49.71
901710590549,2007-10-09,2009-04-29,51.0
901710590549,2009-04-30,2010-11-19,51.52
901710590549,2010-11-20,2012-06-10,52.4
627366709318,2017-03-22,2019-08-19,51.51
627366709318,2019-08-20,2022-01-16,52.45
627366709318,2022-01-17,2024-06-13,53.24
474326478575,2000-03-05,2008-04-07,44.23
474326478575,2008-04-08,2016-05-11,45.22
474326478575,2016-05-12,2024-06-13,45.86
981528925474,2008-06-14,2009-10-01,28.55
981528925474,2009-10-02,2011-01-19,28.59
981528925474,2011-01-20,2012-05-08,29.53
981528925474,2012-05-09,2013-08-26,29.95
981528925474,2013-08-27,2014-12-11,30.05
625391302528,2006-12-30,2007-12-16,38.07
625391302528,2007-12-17,2008-12-02,38.12
625391302528,2008-12-03,2009-11-19,39.14
625391302528,2009-11-20,2010-11-06,39.83
625391302528,2010-11-07,2011-10-22,40.96
668532089360,2000-03-05,2001-07-10,39.19
668532089360,2001-07-11,2002-11-15,40.19
668532089360,2002-11-16,2004-03-22,41.07
668532089360,2004-03-23,2005-07-28,42.17
668532089360,2005-07-29,2006-11-30,43.13
453854638958,2000-03-05,2008-02-15,45.91
453854638958,2008-02-16,2016-01-28,46.1
453854638958,2016-01-29,2024-01-08,46.26
36548787998,2018-01-30,2019-07-05,41.43
36548787998,2019-07-06,2020-12-08,42.82
36548787998,2020-12-09,2022-05-14,43.62
36548787998,2022-05-15,2023-10-16,43.85
885146515683,2005-06-24,2008-03-20,39.19
885146515683,2008-03-21,2010-12-16,40.02
885146515683,2010-12-17,2013-09-12,40.43
885146515683,2013-09-13,2016-06-09,40.94
885146515683,2016-06-10,2019-03-06,42.19
444143373544,2000-03-05,2006-07-16,66.07
444143373544,2006-07-17,2012-11-26,68.34
444143373544,2012-11-27,2019-04-09,68.85
122060583467,2000-03-05,2008-04-07,52.63
122060583467,2008-04-08,2016-05-11,53.19
122060583467,2016-05-12,2024-06-13,55.05
219218359743,2000-03-05,2008-04-07,12.31
219218359743,2008-04-08,2016-05-11,12.35
219218359743,2016-05-12,2024-06-13,12.62
78173133504,2000-03-05,2008-04-07,29.67
78173133504,2008-04-08,2016-05-11,30.03
78173133504,2016-05-12,2024-06-13,30.69
727626034003,2004-03-28,2004-12-23,41.43
727626034003,2004-12-24,2005-09-20,41.66
727626034003,2005-09-21,2006-06-18,42.77
727626034003,2006-06-19,2007-03-16,43.07
727626034003,2007-03-17,2007-12-12,44.47
666250843370,2021-02-06,2021-10-08,36.39
666250843370,2021-10-09,2022-06-10,36.64
666250843370,2022-06-11,2023-02-10,37.89
666250843370,2023-02-11,2023-10-13,38.05
666250843370,2023-10-14,2024-06-13,39.12
10115553490,2001-10-06,2005-11-02,23.51
10115553490,2005-11-03,2009-11-30,24.08
10115553490,2009-12-01,2013-12-28,24.87
10115553490,2013-12-29,2018-01-25,25.33
10115553490,2018-01-26,2022-02-20,26.04
880204392084,2003-12-28,2006-11-28,59.93
880204392084,2006-11-29,2009-10-30,60.96
880204392084,2009-10-31,2012-10-01,61.91
880204392084,2012-10-02,2015-09-03,63.33
880204392084,2015-09-04,2018-08-02,64.54
992711153987,2015-11-30,2017-09-09,16.79
992711153987,2017-09-10,2019-06-21,17.32
992711153987,2019-06-22,2021-03-31,17.76
766076721170,2014-06-09,2015-05-07,99.35
766076721170,2015-05-08,2016-04-04,101.57
766076721170,2016-04-05,2017-03-03,105.12
766076721170,2017-03-04,2018-01-30,107.94
766076721170,2018-01-31,2018-12-28,111.07
414194766756,2018-02-12,2019-09-13,48.71
414194766756,2019-09-14,2021-04-14,49.87
414194766756,2021-04-15,2022-11-14,51.17
414194766756,2022-11-15,2024-06-13,52.81
559676552646,2017-11-08,2018-10-16,91.43
559676552646,2018-10-17,2019-09-24,93.37
559676552646,2019-09-25,2020-09-01,93.66
559676552646,2020-09-02,2021-08-09,94.57
62478667987,2001-10-10,2003-06-15,62.15
62478667987,2003-06-16,2005-02-18,62.31
62478667987,2005-02-19,2006-10-25,63.42
62478667987,2006-10-26,2008-06-27,64.95
830308604118,2012-02-19,2016-03-28,72.71
830308604118,2016-03-29,2020-05-06,72.87
830308604118,2020-05-07,2024-06-13,74.35
866090185962,2023-07-18,2023-10-08,21.16
866090185962,2023-10-09,2023-12-30,21.77
866090185962,2023-12-31,2024-03-22,22.2
866090185962,2024-03-23,2024-06-13,22.8
204797076525,2019-04-19,2020-08-01,122.03
204797076525,2020-08-02,2021-11-15,125.99
204797076525,2021-11-16,2023-03-01,130.24
204797076525,2023-03-02,2024-06-13,133.78
566282962059,2000-03-05,2007-07-29,146.87
566282962059,2007-07-30,2014-12-22,147.81
566282962059,2014-12-23,2022-05-15,148.45
297715706826,2021-03-23,2022-01-11,171.71
297715706826,2022-01-12,2022-11-02,174.18
297715706826,2022-11-03,2023-08-24,178.06
297715706826,2023-08-25,2024-06-13,184.04
678481498823,2004-06-08,2006-08-25,218.15
678481498823,2006-08-26,2008-11-11,221.34
678481498823,2008-11-12,2011-01-27,222.42
787780948394,2005-04-01,2007-07-08,118.79
787780948394,2007-07-09,2009-10-14,120.96
787780948394,2009-10-15,2012-01-21,123.87
787780948394,2012-01-22,2014-04-27,125.42
496102268811,2000-03-05,2006-03-30,211.67
496102268811,2006-03-31,2012-04-24,212.29
496102268811,2012-04-25,2018-05-20,214.55
496102268811,2018-05-21,2024-06-13,218.14
68025902358,2017-01-31,2017-12-02,22.39
68025902358,2017-12-03,2018-10-04,22.41
68025902358,2018-10-05,2019-08-06,22.87
68025902358,2019-08-07,2020-06-07,22.95
68025902358,2020-06-08,2021-04-09,23.21
669865728414,2017-05-11,2019-09-21,217.07
669865728414,2019-09-22,2022-02-01,220.88
669865728414,2022-02-02,2024-06-13,224.87
949020751601,2000-03-05,2006-05-13,261.35
949020751601,2006-05-14,2012-07-21,261.85
949020751601,2012-07-22,2018-09-28,267.05
632451824333,2015-11-26,2018-01-14,17.35
632451824333,2018-01-15,2020-03-05,17.41
632451824333,2020-03-06,2022-04-25,17.42
632451824333,2022-04-26,2024-06-13,17.87
458940039046,2000-03-05,2006-04-26,16.23
458940039046,2006-04-27,2012-06-17,16.61
458940039046,2012-06-18,2018-08-09,16.66
384762973629,2008-01-24,2012-02-28,33.59
384762973629,2012-02-29,2016-04-04,34.66
384762973629,2016-04-05,2020-05-10,35.26
384762973629,2020-05-11,2024-06-13,36.02
422489777899,2023-08-19,2023-10-17,105.83
422489777899,2023-10-18,2023-12-16,106.21
422489777899,2023-12-17,2024-02-14,107.56
422489777899,2024-02-15,2024-04-14,111.01
422489777899,2024-04-15,2024-06-13,114.82
237481666603,2017-01-25,2017-05-15,33.57
237481666603,2017-05-16,2017-09-03,34.31
237481666603,2017-09-04,2017-12-23,34.32
237481666603,2017-12-24,2018-04-11,35.05
144577978130,2007-02-19,2010-09-25,24.63
144577978130,2010-09-26,2014-05-02,25.25
144577978130,2014-05-03,2017-12-06,25.8
254346610694,2013-07-03,2014-10-05,18.47
254346610694,2014-10-06,2016-01-08,18.52
254346610694,2016-01-09,2017-04-12,18.88
254346610694,2017-04-13,2018-07-13,19.02
297224000316,2017-09-27,2019-12-23,88.55
297224000316,2019-12-24,2022-03-20,90.47
297224000316,2022-03-21,2024-06-13,92.25
152522638244,2003-09-19,2008-11-22,57.11
152522638244,2008-11-23,2014-01-27,57.73
152522638244,2014-01-28,2019-04-01,58.87
288299752606,2008-08-03,2011-11-02,54.31
288299752606,2011-11-03,2015-02-01,55.04
288299752606,2015-02-02,2018-05-01,56.68
255533118344,2001-08-06,2002-05-23,18.47
255533118344,2002-05-24,2003-03-10,18.49
255533118344,2003-03-11,2003-12-26,18.56
255533118344,2003-12-27,2004-10-11,18.59
726874513650,2000-03-05,2005-07-23,86.39
726874513650,2005-07-24,2010-12-11,86.77
726874513650,2010-12-12,2016-04-30,89.69
726874513650,2016-05-01,2021-09-15,90.41
976845836046,2017-09-30,2019-02-01,86.39
976845836046,2019-02-02,2020-06-05,87.94
976845836046,2020-06-06,2021-10-08,90.66
976845836046,2021-10-09,2023-02-10,92.01
976845836046,2023-02-11,2024-06-13,94.35
927716771737,2000-10-26,2006-03-13,29.03
927716771737,2006-03-14,2011-07-30,29.96
927716771737,2011-07-31,2016-12-15,29.98
927716771737,2016-12-16,2022-05-01,30.85
118079239983,2006-11-07,2009-01-30,10.07
118079239983,2009-01-31,2011-04-26,10.17
118079239983,2011-04-27,2013-07-20,10.33
118079239983,2013-07-21,2015-10-14,10.6
118079239983,2015-10-15,2018-01-04,10.69
857847061516,2016-08-26,2017-07-29,59.39
857847061516,2017-07-30,2018-07-02,59.71
857847061516,2018-07-03,2019-06-05,60.73
857847061516,2019-06-06,2020-05-08,62.85
857847061516,2020-05-09,2021-04-11,63.32
918776970598,2005-09-25,2009-06-23,96.11
918776970598,2009-06-24,2013-03-22,97.91
918776970598,2013-03-23,2016-12-19,99.66
918776970598,2016-12-20,2020-09-17,101.97
918776970598,2020-09-18,2024-06-13,105.22
557997811886,2018-08-13,2019-10-13,46.43
557997811886,2019-10-14,2020-12-13,47.74
557997811886,2020-12-14,2022-02-13,48.88
557997811886,2022-02-14,2023-04-16,50.16
557997811886,2023-04-17,2024-06-13,51.23
29093483903,2008-07-16,2013-11-04,90.71
29093483903,2013-11-05,2019-02-24,92.99
29093483903,2019-02-25,2024-06-13,94.72
296466321906,2020-12-21,2021-09-01,31.31
296466321906,2021-09-02,2022-05-14,31.66
296466321906,2022-05-15,2023-01-24,32.58
296466321906,2023-01-25,2023-10-06,33.16
296466321906,2023-10-07,2024-06-13,33.94
841317579076,2011-09-15,2012-03-04,71.27
841317579076,2012-03-05,2012-08-23,73.06
841317579076,2012-08-24,2013-02-11,74.45
270246765203,2015-09-09,2017-11-17,125.27
270246765203,2017-11-18,2020-01-27,128.84
270246765203,2020-01-28,2022-04-07,129.39
270246765203,2022-04-08,2024-06-13,133.07
45268056116,2000-03-05,2003-11-02,39.47
45268056116,2003-11-03,2007-07-02,39.67
45268056116,2007-07-03,2011-03-01,40.47
45268056116,2011-03-02,2014-10-26,41.19
890957320401,2017-11-16,2020-01-25,50.39
890957320401,2020-01-26,2022-04-05,51.63
890957320401,2022-04-06,2024-06-13,51.9
937240936724,2021-02-19,2021-10-19,25.19
937240936724,2021-10-20,2022-06-19,25.3
937240936724,2022-06-20,2023-02-17,25.36
937240936724,2023-02-18,2023-10-18,25.82
937240936724,2023-10-19,2024-06-13,26.47
198522664678,2016-01-09,2018-02-16,26.87
198522664678,2018-02-17,2020-03-27,27.5
198522664678,2020-03-28,2022-05-06,28.22
198522664678,2022-05-07,2024-06-13,28.96
784940898704,2009-09-20,2012-05-26,13.43
784940898704,2012-05-27,2015-01-31,13.66
784940898704,2015-02-01,2017-10-07,14.08
784940898704,2017-10-08,2020-06-11,14.08
261386445384,2000-03-05,2008-04-07,24.35
261386445384,2008-04-08,2016-05-11,24.95
261386445384,2016-05-12,2024-06-13,25.04
436444057599,2021-04-07,2022-04-29,60.47
436444057599,2022-04-30,2023-05-22,62.42
436444057599,2023-05-23,2024-06-13,63.66
273454113477,2013-12-06,2016-07-23,38.87
273454113477,2016-07-24,2019-03-11,38.92
273454113477,2019-03-12,2021-10-27,39.84
273454113477,2021-10-28,2024-06-13,39.88
972461546819,2000-11-05,2001-12-10,313.19
972461546819,2001-12-11,2003-01-15,317.67
972461546819,2003-01-16,2004-02-20,325.92
972461546819,2004-02-21,2005-03-27,332.18
972461546819,2005-03-28,2006-04-30,340.88
689531514301,2019-04-25,2020-08-06,45.35
689531514301,2020-08-07,2021-11-19,45.88
689531514301,2021-11-20,2023-03-04,47.08
689531514301,2023-03-05,2024-06-13,47.61
650578539121,2017-11-29,2019-07-19,24.83
650578539121,2019-07-20,2021-03-08,24.91
650578539121,2021-03-09,2022-10-27,25.0
650578539121,2022-10-28,2024-06-13,25.17
462570503266,2003-05-12,2010-05-22,66.95
462570503266,2010-05-23,2017-06-02,68.01
462570503266,2017-06-03,2024-06-13,68.78
64867774986,2000-03-05,2008-04-07,14.27
64867774986,2008-04-08,2016-05-11,14.35
64867774986,2016-05-12,2024-06-13,14.82
208586881925,2005-01-16,2006-10-24,197.63
208586881925,2006-10-25,2008-08-01,200.64
208586881925,2008-08-02,2010-05-10,203.9
208586881925,2010-05-11,2012-02-15,207.03
850450121684,2023-08-27,2023-10-24,129.59
850450121684,2023-10-25,2023-12-22,131.43
850450121684,2023-12-23,2024-02-19,131.78
850450121684,2024-02-20,2024-04-18,133.33
850450121684,2024-04-19,2024-06-13,137.34
870118561997,2021-06-02,2022-06-06,231.11
870118561997,2022-06-07,2023-06-11,232.7
870118561997,2023-06-12,2024-06-13,238.5
22903871594,2020-02-16,2020-12-27,166.31
22903871594,2020-12-28,2021-11-08,170.91
22903871594,2021-11-09,2022-09-20,173.28
22903871594,2022-09-21,2023-08-02,178.48
22903871594,2023-08-03,2024-06-13,180.81
910423620108,2000-03-05,2003-12-13,15.83
910423620108,2003-12-14,2007-09-22,16.26
910423620108,2007-09-23,2011-07-02,16.78
910423620108,2011-07-03,2015-04-11,16.9
910423620108,2015-04-12,2019-01-19,17.08
314080892555,2018-08-31,2019-05-18,20.71
314080892555,2019-05-19,2020-02-03,20.75
314080892555,2020-02-04,2020-10-21,21.18
314080892555,2020-10-22,2021-07-07,21.82
594082004358,2000-08-22,2003-06-10,77.75
594082004358,2003-06-11,2006-03-29,78.1
594082004358,2006-03-30,2009-01-15,80.67
594082004358,2009-01-16,2011-11-04,83.08
594082004358,2011-11-05,2014-08-21,85.63
722050886457,2008-12-15,2010-03-15,35.27
722050886457,2010-03-16,2011-06-14,35.89
722050886457,2011-06-15,2012-09-12,36.04
722050886457,2012-09-13,2013-12-12,36.46
722050886457,2013-12-13,2015-03-12,37.62
457858660571,2000-03-05,2005-05-15,38.63
457858660571,2005-05-16,2010-07-26,39.52
457858660571,2010-07-27,2015-10-06,40.26
35305286576,2012-06-16,2014-11-09,104.75
35305286576,2014-11-10,2017-04-04,105.84
35305286576,2017-04-05,2019-08-29,106.88
35305286576,2019-08-30,2022-01-22,108.53
35305286576,2022-01-23,2024-06-13,109.46
184489143677,2000-03-05,2005-01-11,76.67
184489143677,2005-01-12,2009-11-20,77.45
184489143677,2009-11-21,2014-09-29,78.96
184489143677,2014-09-30,2019-08-08,79.7
184489143677,2019-08-09,2024-06-13,80.08
916284303914,2012-09-03,2016-03-15,238.67
916284303914,2016-03-16,2019-09-26,244.65
916284303914,2019-09-27,2023-04-08,246.65
842998151278,2007-05-04,2010-07-11,205.19
842998151278,2010-07-12,2013-09-18,211.38
842998151278,2013-09-19,2016-11-26,212.15
842998151278,2016-11-27,2020-02-02,216.69
581891081434,2005-02-24,2006-10-29,119.87
581891081434,2006-10-30,2008-07-03,122.83
581891081434,2008-07-04,2010-03-08,125.31
581891081434,2010-03-09,2011-11-11,129.29
581891081434,2011-11-12,2013-07-12,133.54
867196721801,2016-12-24,2018-04-11,124.19
867196721801,2018-04-12,2019-07-29,127.84
867196721801,2019-07-30,2020-11-13,131.49
268539633476,2006-03-13,2009-11-05,99.35
268539633476,2009-11-06,2013-07-01,102.79
268539633476,2013-07-02,2017-02-24,105.45
268539633476,2017-02-25,2020-10-20,107.48
268539633476,2020-10-21,2024-06-13,109.32
682082652409,2013-07-07,2014-01-27,280.79
682082652409,2014-01-28,2014-08-20,281.68
682082652409,2014-08-21,2015-03-13,288.67
682082652409,2015-03-14,2015-10-04,289.44
558257242327,2000-03-05,2006-03-30,289.43
558257242327,2006-03-31,2012-04-24,292.34
558257242327,2012-04-25,2018-05-20,298.5
558257242327,2018-05-21,2024-06-13,300.5
739808594106,2019-02-27,2020-12-02,26.63
739808594106,2020-12-03,2022-09-08,26.7
739808594106,2022-09-09,2024-06-13,26.72
639040478984,2011-04-07,2014-07-24,100.43
639040478984,2014-07-25,2017-11-10,101.84
639040478984,2017-11-11,2021-02-27,102.2
639040478984,2021-02-28,2024-06-13,102.89
310640861344,2023-09-20,2023-11-12,90.71
310640861344,2023-11-13,2024-01-05,90.97
310640861344,2024-01-06,2024-02-28,93.47
310640861344,2024-02-29,2024-04-22,93.63
310640861344,2024-04-23,2024-06-13,96.54
213699889447,2019-01-09,2020-10-30,26.99
213699889447,2020-10-31,2022-08-22,27.75
213699889447,2022-08-23,2024-06-13,28.65
863652965352,2020-01-20,2021-02-24,315.35
863652965352,2021-02-25,2022-04-02,321.84
863652965352,2022-04-03,2023-05-09,332.41
863652965352,2023-05-10,2024-06-13,341.95
537245142931,2007-04-06,2011-07-23,181.43
537245142931,2011-07-24,2015-11-09,184.48
537245142931,2015-11-10,2020-02-26,188.48
537245142931,2020-02-27,2024-06-13,194.31
131551211857,2003-05-26,2007-03-11,93.95
131551211857,2007-03-12,2010-12-26,94.22
131551211857,2010-12-27,2014-10-12,96.69
131551211857,2014-10-13,2018-07-29,98.54
131551211857,2018-07-30,2022-05-13,98.58
939242427323,2018-04-19,2019-07-12,160.91
939242427323,2019-07-13,2020-10-04,162.7
939242427323,2020-10-05,2021-12-28,167.43
939242427323,2021-12-29,2023-03-23,169.48
939242427323,2023-03-24,2024-06-13,175.02
75705739029,2000-03-05,2004-09-01,311.03
75705739029,2004-09-02,2009-03-01,311.84
75705739029,2009-03-02,2013-08-28,320.18
195229559405,2007-06-26,2010-12-11,249.47
195229559405,2010-12-12,2014-05-29,253.5
195229559405,2014-05-30,2017-11-13,259.49
708034597854,2000-03-05,2006-03-30,57.23
708034597854,2006-03-31,2012-04-24,58.38
708034597854,2012-04-25,2018-05-20,58.97
708034597854,2018-05-21,2024-06-13,60.91
637397516922,2013-09-07,2015-11-02,37.73
637397516922,2015-11-03,2017-12-28,38.15
637397516922,2017-12-29,2020-02-23,39.3
637397516922,2020-02-24,2022-04-20,39.67
637397516922,2022-04-21,2024-06-13,40.2
737034628817,2006-09-27,2008-10-11,17.63
737034628817,2008-10-12,2010-10-27,17.88
737034628817,2010-10-28,2012-11-11,17.93
737034628817,2012-11-12,2014-11-27,18.25
737034628817,2014-11-28,2016-12-10,18.65
973554083082,2020-04-20,2021-05-03,26.87
973554083082,2021-05-04,2022-05-17,26.98
973554083082,2022-05-18,2023-05-31,27.27
973554083082,2023-06-01,2024-06-13,27.54
130977644485,2007-03-12,2007-06-18,54.75
130977644485,2007-06-19,2007-09-25,56.0
130977644485,2007-09-26,2008-01-02,56.18
130977644485,2008-01-03,2008-04-10,56.76
130977644485,2008-04-11,2008-07-16,57.06
586563057656,2000-03-05,2008-04-07,315.35
586563057656,2008-04-08,2016-05-11,317.55
586563057656,2016-05-12,2024-06-13,318.56
150496291069,2001-07-25,2005-10-28,26.03
150496291069,2005-10-29,2010-02-01,26.54
150496291069,2010-02-02,2014-05-08,27.29
150496291069,2014-05-09,2018-08-12,27.53
150496291069,2018-08-13,2022-11-16,27.64
168148737582,2005-05-24,2009-03-16,105.83
168148737582,2009-03-17,2013-01-07,107.76
168148737582,2013-01-08,2016-10-31,107.8
168148737582,2016-11-01,2020-08-24,108.08
168148737582,2020-08-25,2024-06-13,111.67
426037160751,2013-01-15,2016-11-04,40.31
426037160751,2016-11-05,2020-08-25,40.84
426037160751,2020-08-26,2024-06-13,41.42
238972293469,2020-10-20,2021-02-08,61.43
238972293469,2021-02-09,2021-05-31,62.86
238972293469,2021-06-01,2021-09-20,64.95
238972293469,2021-09-21,2022-01-09,65.65
797467441346,2005-04-21,2008-06-30,37.75
797467441346,2008-07-01,2011-09-10,38.75
797467441346,2011-09-11,2014-11-19,39.4
256206818301,2015-11-01,2017-07-22,96.35
256206818301,2017-07-23,2019-04-13,97.7
256206818301,2019-04-14,2021-01-02,98.29
256206818301,2021-01-03,2022-09-24,99.52
256206818301,2022-09-25,2024-06-13,99.95
684894688089,2012-09-17,2016-08-16,79.56
684894688089,2016-08-17,2020-07-16,81.9
684894688089,2020-07-17,2024-06-13,84.21
988533752217,2007-11-16,2009-10-24,62.04
988533752217,2009-10-25,2011-10-03,63.26
988533752217,2011-10-04,2013-09-09,63.87
194837334916,2000-03-05,2004-01-29,33.96
194837334916,2004-01-30,2007-12-25,34.96
194837334916,2007-12-26,2011-11-18,35.97
323818493063,2014-07-20,2017-11-06,45.98
323818493063,2017-11-07,2021-02-24,46.3
323818493063,2021-02-25,2024-06-13,47.32
614342726490,2020-01-15,2020-07-04,17.0
614342726490,2020-07-05,2020-12-23,17.03
614342726490,2020-12-24,2021-06-13,17.45
614342726490,2021-06-14,2021-11-30,18.02
446061897447,2015-01-01,2015-11-02,63.19
446061897447,2015-11-03,2016-09-03,63.25
446061897447,2016-09-04,2017-07-06,63.71
25028450712,2002-10-05,2006-01-17,41.86
25028450712,2006-01-18,2009-05-02,42.97
25028450712,2009-05-03,2012-08-15,44.13
25028450712,2012-08-16,2015-11-29,44.88
25028450712,2015-11-30,2019-03-13,45.64
785700521894,2013-05-04,2016-02-12,20.53
785700521894,2016-02-13,2018-11-23,21.01
785700521894,2018-11-24,2021-09-03,21.67
785700521894,2021-09-04,2024-06-13,22.23
972341323066,2000-03-05,2008-04-07,48.18
972341323066,2008-04-08,2016-05-11,49.35
972341323066,2016-05-12,2024-06-13,49.75
149747440325,2020-01-12,2020-11-29,24.08
149747440325,2020-11-30,2021-10-18,24.55
149747440325,2021-10-19,2022-09-06,24.68
149747440325,2022-09-07,2023-07-26,25.01
149747440325,2023-07-27,2024-06-13,25.75
415741937391,2021-10-31,2022-09-14,49.76
415741937391,2022-09-15,2023-07-30,51.03
415741937391,2023-07-31,2024-06-13,51.34
838648471902,2000-03-05,2005-01-11,48.5
838648471902,2005-01-12,2009-11-20,49.51
838648471902,2009-11-21,2014-09-29,50.55
838648471902,2014-09-30,2019-08-08,51.87
838648471902,2019-08-09,2024-06-13,52.41
711147737185,2018-12-24,2020-05-06,32.75
711147737185,2020-05-07,2021-09-18,33.07
711147737185,2021-09-19,2023-01-31,33.81
711147737185,2023-02-01,2024-06-13,34.16
749148556696,2003-01-03,2009-07-25,47.39
749148556696,2009-07-26,2016-02-15,47.69
749148556696,2016-02-16,2022-09-07,48.41
753482837724,2000-03-05,2006-03-30,27.71
753482837724,2006-03-31,2012-04-24,27.85
753482837724,2012-04-25,2018-05-20,28.69
753482837724,2018-05-21,2024-06-13,29.14
46605626610,2004-08-16,2005-10-25,32.84
46605626610,2005-10-26,2007-01-04,32.89
46605626610,2007-01-05,2008-03-15,33.32
46605626610,2008-03-16,2009-05-25,34.46
46605626610,2009-05-26,2010-07-31,34.7
193011892129,2023-02-07,2023-07-21,15.74
193011892129,2023-07-22,2024-01-02,16.14
193011892129,2024-01-03,2024-06-13,16.69
446091913667,2015-09-20,2017-06-18,16.37
446091913667,2017-06-19,2019-03-18,16.46
446091913667,2019-03-19,2020-12-15,16.7
446091913667,2020-12-16,2022-09-14,16.92
446091913667,2022-09-15,2024-06-13,17.4
648026268389,2020-02-19,2020-10-10,37.12
648026268389,2020-10-11,2021-06-02,37.52
648026268389,2021-06-03,2022-01-23,37.76
648026268389,2022-01-24,2022-09-15,38.64
12234831695,2017-04-17,2018-09-21,19.74
12234831695,2018-09-22,2020-02-26,20.26
12234831695,2020-02-27,2021-08-02,20.38
12234831695,2021-08-03,2023-01-07,20.88
12234831695,2023-01-08,2024-06-13,21.52
233243855049,2010-02-18,2012-12-29,78.99
233243855049,2012-12-30,2015-11-10,81.14
233243855049,2015-11-11,2018-09-21,81.44
233243855049,2018-09-22,2021-08-02,81.48
233243855049,2021-08-03,2024-06-13,82.52
65205755612,2000-03-05,2005-01-11,41.07
65205755612,2005-01-12,2009-11-20,41.8
65205755612,2009-11-21,2014-09-29,42.47
65205755612,2014-09-30,2019-08-08,42.55
65205755612,2019-08-09,2024-06-13,43.55
92344044536,2000-03-05,2003-05-15,72.67
92344044536,2003-05-16,2006-07-25,73.42
92344044536,2006-07-26,2009-10-04,73.96
92344044536,2009-10-05,2012-12-14,74.57
92344044536,2012-12-15,2016-02-24,77.02
101693332833,2013-10-21,2015-12-07,76.62
101693332833,2015-12-08,2018-01-23,78.64
101693332833,2018-01-24,2020-03-11,81.26
101693332833,2020-03-12,2022-04-28,81.71
101693332833,2022-04-29,2024-06-13,82.06
304995765983,2005-12-03,2012-02-05,33.96
304995765983,2012-02-06,2018-04-10,35.1
304995765983,2018-04-11,2024-06-13,36.27
711797638757,2024-03-15,2024-04-06,24.08
711797638757,2024-04-07,2024-04-29,24.46
711797638757,2024-04-30,2024-05-22,25.24
711797638757,2024-05-23,2024-06-13,25.56
346708801014,2017-06-30,2018-11-20,47.87
346708801014,2018-11-21,2020-04-12,48.03
346708801014,2020-04-13,2021-09-03,48.82
346708801014,2021-09-04,2023-01-25,49.79
346708801014,2023-01-26,2024-06-13,50.72
550824500595,2014-11-30,2015-05-12,46.61
550824500595,2015-05-13,2015-10-23,47.66
550824500595,2015-10-24,2016-04-03,47.68
782308701543,2023-08-04,2023-11-16,31.59
782308701543,2023-11-17,2024-02-29,31.95
782308701543,2024-03-01,2024-06-13,32.02
575760155661,2005-03-31,2006-08-21,18.16
575760155661,2006-08-22,2008-01-12,18.73
575760155661,2008-01-13,2009-06-04,18.81
575760155661,2009-06-05,2010-10-26,19.31
575760155661,2010-10-27,2012-03-17,19.35
182260862700,2017-10-23,2019-06-21,28.97
182260862700,2019-06-22,2021-02-17,29.8
182260862700,2021-02-18,2022-10-17,30.6
182260862700,2022-10-18,2024-06-13,31.37
398448133382,2004-10-09,2008-09-15,70.79
398448133382,2008-09-16,2012-08-23,72.96
398448133382,2012-08-24,2016-07-31,73.18
398448133382,2016-08-01,2020-07-08,75.62
398448133382,2020-07-09,2024-06-13,76.05
655005273043,2014-10-27,2015-03-25,18.16
655005273043,2015-03-26,2015-08-22,18.19
655005273043,2015-08-23,2016-01-19,18.79
655005273043,2016-01-20,2016-06-16,19.41
11815053167,2006-08-28,2010-03-19,68.72
11815053167,2010-03-20,2013-10-09,70.37
11815053167,2013-10-10,2017-05-01,70.81
11815053167,2017-05-02,2020-11-21,71.51
11815053167,2020-11-22,2024-06-13,73.95
864166281402,2023-04-30,2023-09-13,17.0
864166281402,2023-09-14,2024-01-28,17.5
864166281402,2024-01-29,2024-06-13,18.03
427626544471,2007-07-12,2013-03-02,29.6
427626544471,2013-03-03,2018-10-23,30.36
427626544471,2018-10-24,2024-06-13,31.19
893192387307,2010-08-26,2011-06-29,25.27
893192387307,2011-06-30,2012-05-02,25.8
893192387307,2012-05-03,2013-03-06,25.91
893192387307,2013-03-07,2014-01-08,26.0
893192387307,2014-01-09,2014-11-12,26.66
808091785505,2016-11-07,2018-10-01,20.78
808091785505,2018-10-02,2020-08-25,21.28
808091785505,2020-08-26,2022-07-20,21.31
808091785505,2022-07-21,2024-06-13,21.76
956180422210,2006-07-30,2007-05-14,50.39
956180422210,2007-05-15,2008-02-27,51.76
956180422210,2008-02-28,2008-12-12,52.18
956180422210,2008-12-13,2009-09-26,53.48
120545844331,2022-10-28,2023-05-14,18.16
120545844331,2023-05-15,2023-11-29,18.48
120545844331,2023-11-30,2024-06-13,18.81
258771343134,2005-07-27,2006-03-23,56.87
258771343134,2006-03-24,2006-11-18,57.75
258771343134,2006-11-19,2007-07-16,58.45
258771343134,2007-07-17,2008-03-10,59.56
250447245933,2000-03-05,2005-06-24,30.8
250447245933,2005-06-25,2010-10-14,31.57
250447245933,2010-10-15,2016-02-03,32.56
250447245933,2016-02-04,2021-05-22,32.64
623607574493,2000-03-05,2004-10-23,62.4
623607574493,2004-10-24,2009-06-13,63.77
623607574493,2009-06-14,2014-02-01,65.04
623607574493,2014-02-02,2018-09-22,65.23
182264943146,2000-03-05,2005-01-11,28.43
182264943146,2005-01-12,2009-11-20,29.04
182264943146,2009-11-21,2014-09-29,29.18
182264943146,2014-09-30,2019-08-08,29.7
182264943146,2019-08-09,2024-06-13,30.69
467699501957,2010-06-10,2013-05-01,54.5
467699501957,2013-05-02,2016-03-23,55.89
467699501957,2016-03-24,2019-02-11,56.62
923558488116,2005-05-25,2006-07-15,78.2
923558488116,2006-07-16,2007-09-05,80.87
923558488116,2007-09-06,2008-10-26,81.98
923558488116,2008-10-27,2009-12-17,84.56
923558488116,2009-12-18,2011-02-03,85.51
981206619046,2018-06-04,2019-08-08,60.03
981206619046,2019-08-09,2020-10-12,62.13
981206619046,2020-10-13,2021-12-17,62.6
344735466091,2021-02-25,2021-12-23,32.38
344735466091,2021-12-24,2022-10-21,33.3
344735466091,2022-10-22,2023-08-19,33.74
344735466091,2023-08-20,2024-06-13,34.69
901723245658,2016-08-22,2017-03-14,36.33
901723245658,2017-03-15,2017-10-05,37.06
901723245658,2017-10-06,2018-04-28,37.15
901723245658,2018-04-29,2018-11-19,37.74
901723245658,2018-11-20,2019-06-10,38.27
223008708789,2005-06-18,2011-10-16,42.65
223008708789,2011-10-17,2018-02-13,44.14
223008708789,2018-02-14,2024-06-13,44.59
910636679474,2000-03-05,2003-11-08,27.64
910636679474,2003-11-09,2007-07-14,28.24
910636679474,2007-07-15,2011-03-19,29.22
910636679474,2011-03-20,2014-11-22,29.36
910636679474,2014-11-23,2018-07-27,29.7
934747950482,2004-03-21,2006-07-20,24.56
934747950482,2006-07-21,2008-11-18,24.8
934747950482,2008-11-19,2011-03-20,24.87
9231052918,2004-08-16,2007-02-22,29.6
9231052918,2007-02-23,2009-08-31,30.19
9231052918,2009-09-01,2012-03-09,30.3
9231052918,2012-03-10,2014-09-16,31.35
599038322173,2019-01-26,2020-05-31,14.48
599038322173,2020-06-01,2021-10-05,14.8
599038322173,2021-10-06,2023-02-09,14.9
599038322173,2023-02-10,2024-06-13,15.33
986184075808,2015-01-17,2016-06-11,23.3
986184075808,2016-06-12,2017-11-05,23.53
986184075808,2017-11-06,2019-04-01,24.08
986184075808,2019-04-02,2020-08-25,24.78
986184075808,2020-08-26,2022-01-18,25.23
477763275424,2000-03-05,2006-01-11,17.63
477763275424,2006-01-12,2011-11-20,18.07
477763275424,2011-11-21,2017-09-28,18.6
477763275424,2017-09-29,2023-08-05,19.04
555649925707,2003-09-06,2007-11-01,46.61
555649925707,2007-11-02,2011-12-28,47.6
555649925707,2011-12-29,2016-02-23,48.22
555649925707,2016-02-24,2020-04-20,48.67
555649925707,2020-04-21,2024-06-13,49.1
301067122590,2003-05-20,2004-08-19,20.53
301067122590,2004-08-20,2005-11-20,21.13
301067122590,2005-11-21,2007-02-21,21.51
301067122590,2007-02-22,2008-05-24,22.2
301067122590,2008-05-25,2009-08-25,22.49
6587422396,2022-04-09,2022-12-30,33.17
6587422396,2022-12-31,2023-09-22,33.88
6587422396,2023-09-23,2024-06-13,34.4
814394039436,2017-02-06,2019-07-20,77.41
814394039436,2019-07-21,2021-12-31,77.5
814394039436,2022-01-01,2024-06-13,80.16
919656505756,2005-08-19,2009-04-04,49.76
919656505756,2009-04-05,2012-11-19,51.01
919656505756,2012-11-20,2016-07-06,52.51
919656505756,2016-07-07,2020-02-19,53.77
390901022028,2014-01-27,2015-06-02,52.13
390901022028,2015-06-03,2016-10-06,52.47
390901022028,2016-10-07,2018-02-10,53.24
390901022028,2018-02-11,2019-06-17,55.06
390901022028,2019-06-18,2020-10-17,56.79
557170446195,2000-03-05,2002-06-16,37.12
557170446195,2002-06-17,2004-09-27,37.37
557170446195,2004-09-28,2007-01-09,38.32
557170446195,2007-01-10,2009-04-22,38.81
557170446195,2009-04-23,2011-08-02,39.85
858022710403,2010-10-28,2014-10-09,76.62
858022710403,2014-10-10,2018-09-21,76.99
858022710403,2018-09-22,2022-09-03,78.94
359370058440,2020-12-16,2021-10-30,47.87
359370058440,2021-10-31,2022-09-14,48.33
359370058440,2022-09-15,2023-07-30,48.82
359370058440,2023-07-31,2024-06-13,50.48
973367776348,2018-06-06,2020-06-08,15.74
973367776348,2020-06-09,2022-06-12,16.02
973367776348,2022-06-13,2024-06-13,16.41
827903392618,2002-05-08,2003-01-26,44.09
827903392618,2003-01-27,2003-10-17,45.34
827903392618,2003-10-18,2004-07-07,46.39
827903392618,2004-07-08,2005-03-28,47.72
596302707438,2007-01-22,2008-04-16,40.31
596302707438,2008-04-17,2009-07-11,41.71
596302707438,2009-07-12,2010-10-05,42.71
596302707438,2010-10-06,2011-12-30,43.79
596302707438,2011-12-31,2013-03-25,44.83
558540281620,2020-06-07,2020-11-23,72.67
558540281620,2020-11-24,2021-05-12,73.03
558540281620,2021-05-13,2021-10-27,74.71
647992885194,2011-03-08,2014-07-01,21.32
647992885194,2014-07-02,2017-10-25,21.38
647992885194,2017-10-26,2021-02-18,21.43
647992885194,2021-02-19,2024-06-13,21.98
641544520663,2000-03-05,2005-01-11,48.18
641544520663,2005-01-12,2009-11-20,48.8
641544520663,2009-11-21,2014-09-29,49.81
641544520663,2014-09-30,2019-08-08,49.99
641544520663,2019-08-09,2024-06-13,51.23
65699841549,2020-05-07,2021-05-16,78.99
65699841549,2021-05-17,2022-05-26,81.43
65699841549,2022-05-27,2023-06-05,83.94
65699841549,2023-06-06,2024-06-13,84.47
62714060367,2000-03-05,2001-02-23,17.0
62714060367,2001-02-24,2002-02-14,17.15
62714060367,2002-02-15,2003-02-05,17.53
62714060367,2003-02-06,2004-01-27,18.1
62714060367,2004-01-28,2005-01-13,18.5
188896047627,2018-05-05,2019-03-27,39.41
188896047627,2019-03-28,2020-02-17,40.23
188896047627,2020-02-18,2021-01-09,41.36
706258964995,2009-06-26,2010-02-16,28.34
706258964995,2010-02-17,2010-10-10,28.61
706258964995,2010-10-11,2011-06-03,29.56
706258964995,2011-06-04,2012-01-25,30.02
706258964995,2012-01-26,2012-09-15,30.82
392353667093,2019-08-19,2020-10-11,42.2
392353667093,2020-10-12,2021-12-05,42.78
392353667093,2021-12-06,2023-01-28,43.97
96756459056,2010-11-07,2011-08-05,73.46
96756459056,2011-08-06,2012-05-03,74.38
96756459056,2012-05-04,2013-01-30,76.42
250797241586,2000-03-05,2007-07-16,41.86
250797241586,2007-07-17,2014-11-26,42.46
250797241586,2014-11-27,2022-04-07,43.3
608058692101,2017-01-16,2018-07-11,71.88
608058692101,2018-07-12,2020-01-04,72.87
608058692101,2020-01-05,2021-06-29,74.78
608058692101,2021-06-30,2022-12-23,77.16
608058692101,2022-12-24,2024-06-13,77.28
202010516216,2000-03-05,2005-01-11,27.64
202010516216,2005-01-12,2009-11-20,28.48
202010516216,2009-11-21,2014-09-29,28.53
202010516216,2014-09-30,2019-08-08,28.58
202010516216,2019-08-09,2024-06-13,28.78
494809766265,2000-03-05,2005-01-11,40.79
494809766265,2005-01-12,2009-11-20,41.99
494809766265,2009-11-21,2014-09-29,43.32
494809766265,2014-09-30,2019-08-08,43.91
494809766265,2019-08-09,2024-06-13,44.72
803086705018,2010-06-28,2013-04-12,42.83
803086705018,2013-04-13,2016-01-27,43.48
803086705018,2016-01-28,2018-11-12,44.99
803086705018,2018-11-13,2021-08-28,45.0
803086705018,2021-08-29,2024-06-13,46.24
621676939090,2004-01-30,2005-09-16,20.78
621676939090,2005-09-17,2007-05-05,21.44
621676939090,2007-05-06,2008-12-20,21.6
476740080600,2010-08-16,2011-04-11,28.34
476740080600,2011-04-12,2011-12-06,28.57
476740080600,2011-12-07,2012-07-30,28.8
